FOODID;FOODNAME;LANG
1;SOKERI;FI
2;FRUKTOOSI, HEDELMÄSOKERI;FI
3;SIIRAPPI;FI
4;HUNAJA;FI
5;MAKEINEN, KARAMELLI;FI
6;SUKLAA, KESKIARVO, MAITO-, TUMMA-, VALKO-;FI
7;SUKLAAKONVEHTI, MARMELADITÄYTE;FI
8;LAKRITSI;FI
9;MAKEINEN, MARMELADIMAKEINEN;FI
10;MARSIPAANI, MANTELIMASSA;FI
11;MAKEINEN, TOFFEE;FI
12;MAKEINEN, SALMIAKKIPASTILLI;FI
14;SUKLAAPATUKKA SUKLAINEN, KESKIARVO;FI
20;KAAKAOJAUHE, EI LISÄTTYÄ SOKERIA;FI
21;KAAKAOJAUHE, SOKEROITU;FI
24;SORBITOLI;FI
25;LIIVATE;FI
26;HIIVA, TUORE;FI
27;JAUHO, MAISSITÄRKKELYS;FI
28;SINAPPI;FI
30;RUOKASUOLA, JODIOITU;FI
31;MAUSTEKASTIKE, SOIJAKASTIKE;FI
32;SUKLAA, TUMMA;FI
33;SUKLAA, MAITOSUKLAA;FI
34;HALVA SEESAMSIEMENVALMISTE;FI
35;MAKEINEN, SOKERITON;FI
36;MINERAALISUOLA, KESKIARVO;FI
37;SUKLAA, SOKERITON, KEINOTEKOISESTI MAKEUTETTU;FI
38;LIHALIEMIJAUHE/TIIVISTE;FI
39;MAKEUTUSAINE, ASPARTAAMI, JAUHE;FI
40;VÄLIPALAPATUKKA, KUITUINEN;FI
43;RUISMALLAS;FI
44;SUKLAAPATUKKA TÄYTESUKLAA, KESKIARVO;FI
62;KSYLITOLIPASTILLI;FI
63;SUKLAAPATUKKA VÄHÄRASVAINEN;FI
65;KSYLITOLIPURUKUMI;FI
66;PURUKUMI;FI
68;OHRATÄRKKELYS;FI
69;HEDELMÄPASTILLI, ARABIKUMIPASTILLI;FI
70;MAKEUTUSAINE, HERMESETAS, SAKARIINI;FI
73;JOGURTTIRUSINA/JOGURTTIHEDELMÄ, KUORRUTETTU KUIVATTU HEDELMÄ;FI
74;LEIVINJAUHE;FI
75;KALALIEMI, LAIMENNETTU;FI
79;RUOKASUOLA, JODIOIMATON, VUORISUOLA;FI
100;JAUHO, RUISJAUHO, TÄYSJYVÄJAUHO;FI
103;RUISHIUTALE;FI
110;JAUHO, VEHNÄJAUHO, PUOLIKARKEA;FI
111;JAUHO, GRAHAMJAUHO;FI
112;MANNASUURIMO;FI
113;MANNASUURIMO, TUMMA;FI
114;VEHNÄHIUTALE;FI
115;VEHNÄNALKIO;FI
116;LESE, VEHNÄLESE;FI
117;MAKARONI, PASTA;FI
119;MAKARONI, TUMMA;FI
120;NUUDELI, VEHNÄNUUDELI;FI
121;PASTA, SPAGETTI, MAKARONI;FI
124;JAUHO, HIIVALEIPÄVEHNÄJAUHO;FI
125;JAUHO, JAUHOSEOS, SÄMPYLÄJAUHO, VEHNÄJAUHO, RUISJAUHO, VEHNÄROUHE;FI
126;JAUHO, KORPPUJAUHO;FI
133;VOHVELIKUORI, JÄÄTELÖVOHVELI;FI
142;JAUHO, VEHNÄJAUHO, LEIPOMOTEOLLISUUS, VASTAJAUHETTU;FI
150;JAUHO, OHRAJAUHO;FI
151;OHRASUURIMO;FI
152;OHRAHIUTALE;FI
153;KAURAHIUTALE;FI
154;JAUHO, JAUHOSEOS, TALKKUNAJAUHO, SISÄLTÄÄ OHRAA;FI
156;RIISI PUUROUTUVA;FI
158;TÄYSJYVÄRIISI;FI
160;JAUHO, HIRSSISUURIMO TAI -JAUHO;FI
161;JAUHO, TATTARISUURIMO TAI -JAUHO;FI
162;JAUHO, PERUNAJAUHO TAI -SUURIMO, PERUNATÄRKKELYS;FI
167;MAISSI, JYVÄ, KUIVATTU;FI
168;KALJA- / MÄMMIMALLAS;FI
170;LESE, KAURALESE;FI
172;PASTA, PINAATTISPAGETTI, SISÄLTÄÄ KANANMUNAA;FI
173;KAURAMAKARONI, SISÄLTÄÄ VEHNÄÄ JA KAURAA;FI
175;ROUHE, VEHNÄROUHE KOKOJYVÄSTÄ;FI
176;ROUHE, RUISROUHE;FI
182;JAUHO, RIISIJAUHO, RIISIHIUTALE;FI
183;JAUHO, TÄYSJYVÄRIISIJAUHO;FI
184;MAISSILASTU, TACOKUORI;FI
185;JAUHO, JAUHOSEOS, GLUTEENITON, VEHNÄTÄRKKELYSTÄ;FI
189;JAUHO, JAUHOSEOS, RUIS-VEHNÄ;FI
202;PERUNA, KUIVATTU;FI
203;PERUNALASTU;FI
204;PERUNA, UUSI;FI
205;PERUNA, VANHA, KUORITTU;FI
206;PERUNASOSEJAUHE, VALMISTAMATON;FI
207;RANSKANPERUNAVALMISTE, PAKASTE;FI
209;PERUNAHIUTALE;FI
300;PORKKANA;FI
302;PORKKANA, KUIVATTU;FI
303;LANTTU;FI
304;NAURIS;FI
305;PUNAJUURI;FI
307;ETIKKAPUNAJUURI;FI
308;RETIISI;FI
309;PALSTERNAKKA;FI
310;MAA-ARTISOKKA;FI
311;JUURISELLERI, MUKULASELLERI;FI
312;MUSTAJUURI;FI
320;VALKOKAALI, KERÄKAALI;FI
321;PUNAKAALI;FI
322;KUKKAKAALI;FI
324;PARSAKAALI, BROKKOLI;FI
326;LEHTIKAALI;FI
327;RUUSUKAALI;FI
329;KYSSÄKAALI, KAALIRAPI;FI
330;LEHTISALAATTI, RUUKKUSALAATTI, LOLLO ROSSO;FI
331;JÄÄVUORISALAATTI, RAPEA KERÄSALAATTI, AMERIKANSALAATTI;FI
333;PERSILJA;FI
334;NOKKONEN;FI
335;SIPULI, KELTASIPULI;FI
336;SIPULI, KUIVATTU SIPULILASTU;FI
337;PURJOSIPULI;FI
338;RAPARPERI;FI
339;LEHTISELLERI, VARSISELLERI;FI
340;PARSA, SÄILÖTTY;FI
342;SIENI, TATTI, HAPERO;FI
343;SIENI ROUSKUT, SUOLATTU, KÄYTTÖVALMIS;FI
344;ETIKKASIENISÄILYKE;FI
345;HERKKUSIENI;FI
346;KURKKU;FI
347;ETIKKAKURKKU, EI LISÄTTYÄ SOKERIA;FI
348;MAUSTEKURKKU, HERKKUKURKKU, SOKERISUOLATTU;FI
350;KURPITSA;FI
351;SALAATTI, KURPITSASALAATTI, PIKKELSSI;FI
352;TOMAATTI;FI
353;KETSUPPI;FI
354;TOMAATTISOSE, TOMAATTIPYREE;FI
355;PAPRIKA, KESKIARVO;FI
356;SEKAVIHANNES, PORKKANA, KUKKAKAALI, HERNE, PAPU;FI
358;TÄYSMEHU, KASVISTUOREMEHU;FI
359;KIINANKAALI;FI
360;MANGOLDI;FI
362;MUNAKOISO;FI
363;MAISSI, JYVÄT;FI
364;VIHANNESKRASSI;FI
367;KANTARELLI;FI
368;KORVASIENI;FI
369;TILLI, TUORE;FI
370;HERNE, VIHREÄ, TUORE;FI
371;HERNE, VIHREÄ, KUIVATTU;FI
372;PAPU, VIHREÄ TAITEPAPU, TUORE;FI
373;PAPU, RUSKEA TAI VALKOINEN, KUIVATTU, KESKIARVO;FI
375;PÄHKINÄ, HASSELPÄHKINÄ;FI
376;PÄHKINÄ, SAKSANPÄHKINÄ;FI
377;KASTANJA;FI
378;PÄHKINÄ, MAAPÄHKINÄ;FI
379;MANTELI;FI
380;JAUHO, SOIJAJAUHO, RASVAINEN;FI
381;JAUHO, SOIJAJAUHO, VÄHÄRASVAINEN;FI
382;KOOKOSHIUTALE;FI
383;PÄHKINÄ, SUOLAPÄHKINÄ;FI
384;ITU, KESKIARVO, SINIMAILANEN, MUNGOPAPU;FI
385;SEESAMINSIEMEN, KUORINEEN;FI
386;PAPRIKA, PUNAINEN;FI
387;PAPRIKA, VIHREÄ;FI
388;PAPRIKA, KELTAINEN;FI
389;KESÄKURPITSA, ZUCCHINI;FI
390;TÄYSMEHU, TOMAATTIMEHU;FI
391;SOIJAPAPU, KUIVATTU;FI
392;RUOHOSIPULI;FI
393;VALKOSIPULI;FI
394;SALAATTI, KURKKUSALAATTI, KURKKUPIKKELSSI, KURKKURELISSI;FI
395;PAPU, VALKOINEN, KEITETTY;FI
398;TOMAATTIMURSKA;FI
399;LINSSI, VIHREÄ/RUSKEA, KUIVATTU;FI
401;OMENA, KUIVATTU;FI
408;APRIKOOSI, SOKERILIEMESSÄ;FI
409;APRIKOOSI, KUIVATTU;FI
411;PERSIKKA, SOKERILIEMESSÄ;FI
412;PERSIKKA, KUIVATTU;FI
417;ANANAS, SOKERILIEMESSÄ;FI
423;VIINIRYPÄLE, KESKIARVO, KIVETÖN, VIHREÄ/TUMMA;FI
427;SEKAHEDELMÄ, KUIVATTU;FI
428;RUSINA;FI
431;OLIIVI, KESKIARVO, PUNNITTU KIVINEEN, ÖLJYSSÄ, VIHREÄ/MUSTA;FI
432;HEDELMÄSALAATTISÄILYKE, SOKERILIEMESSÄ;FI
433;TÄYSMEHU, OMENATÄYSMEHU, C-VITAMIINIA;FI
434;TÄYSMEHU, APPELSIINITÄYSMEHU, C-VITAMIINIA;FI
435;TÄYSMEHU, GREIPPITÄYSMEHU, C-VITAMIINIA;FI
436;TÄYSMEHU, C-VITAMIINIA, KESKIARVO;FI
437;TÄYSMEHU, SITRUUNATÄYSMEHU, LAIMENNETTU;FI
438;TÄYSMEHU, ANANASTÄYSMEHU, C-VITAMIINIA;FI
440;PUOLUKKA;FI
441;KARPALO;FI
442;MUSTIKKA, METSÄMUSTIKKA;FI
444;MUSTAHERUKKA;FI
445;PUNAHERUKKA;FI
446;KARVIAINEN;FI
447;MANSIKKA;FI
448;VADELMA;FI
449;LAKKA, SUOMUURAIN, HILLA;FI
450;MARJAHILLO, KESKIARVO;FI
451;MEHU, HÖYRYMEHU, LAIMENTAMATON, SOKEROITU;FI
452;MEHU, HÖYRYMEHU, MUSTAHERUKKA, LAIMENTAMATON, SOKEROITU;FI
453;MEHU, HÖYRYMEHU LAIMENTAMATON, SOKERITON;FI
454;MARJA, KESKIARVO;FI
455;TYRNIMARJA;FI
456;MARMELADI, MARJOISTA;FI
457;PIHLAJANMARJA;FI
458;MEHU, MUSTAHERUKKA-PUOLUKKAMEHUJUOMA;FI
459;MEHU, MEHUJUOMA, PUOLUKKA, LAIMENTAMATON;FI
461;MEHU, HÖYRYMEHU LAIMENNETTU, SOKEROITU;FI
462;MEHU, HÖYRYMEHU, MUSTAHERUKKA, LAIMENNETTU, SOKEROITU;FI
463;MEHU, HÖYRYMEHU LAIMENNETTU, SOKERITON;FI
469;TÄYSMEHU, VIIDEN HEDELMÄN MEHU, C-VITAMIINIA;FI
471;ANANAS, OMASSA LIEMESSÄÄN;FI
472;OMENASOSE, MAKEUTTAMATON;FI
473;MEHU, NEKTARI, HEDELMÄJUOMA, HEDELMÄPITOISUUS 50 %;FI
474;TÄYSMEHU, MARJATÄYSMEHU;FI
476;HILLO, FRUKTOOSILLA MAKEUTETTU;FI
477;MELONI, VERKKOMELONI/CANTALOUPEMELONI, KUORITTU;FI
478;MARJAJUOMA, NEKTARI, MARJAPITOISUUS 50 %;FI
500;VOI;FI
516;LEIVONTAMARGARIINI 80 %, SUNNUNTAI, VL;FI
530;LEIPOMOTEOLLISUUSMARGARIINI 80 %, LEIVONTA;FI
531;RUOKAÖLJY TEOLLISUUSKÄYTTÖÖN, 70 % RYPSIÖLJYÄ, 30 % PALMUÖLJYÄ;FI
535;RYPSIÖLJY;FI
536;OLIIVIÖLJY;FI
537;MAAPÄHKINÄÖLJY;FI
540;AURINGONKUKKAÖLJY;FI
541;RUOKAÖLJY KESKIARVO, 87 % RYPSI- 8 % AURINGONKUKKA- JA 5% OLIIVIÖLJY;FI
542;SOIJAÖLJY;FI
543;MAISSIÖLJY;FI
550;PAISTINRASVA, LAARDI;FI
552;KOOKOSRASVA 100 %;FI
553;TALI, RAAKA NAUDANRASVA;FI
562;MAJONEESI, HAMPURILAISKASTIKE, RASVAA 60 %;FI
563;SALAATINKASTIKE, RANSKALAINEN, SISÄLTÄÄ SINAPPIA;FI
565;RASVASEOS 40 %, KEVYT LEVI, VÄHEMMÄN SUOLAA, VL;FI
568;MARGARIINI 60 %, RAINBOW/PIRKKA/ELDORADO/K-MENU;FI
570;RASVASEOS 40 %, KEVYT LEVI, VL;FI
576;VOI, SUOLATON;FI
578;MAJONEESI, RASVAA 27-33 %;FI
579;SALAATINKASTIKE, RASVAA <17 %, VÄHÄRASVAINEN;FI
585;VOI, VOIMAKASSUOLAINEN;FI
593;LEIVONTAMARGARIINI 80 %, PIRKKA/RAINBOW;FI
597;RASVASEOSLEVITE 75 %, TUOTEKESKIARVO;FI
598;VOIÖLJY 100 %, MAITORASVAA;FI
600;MAITO, TILAMAITO, RAAKAMAITO, RASVAA 4,4 %, EI LISÄTTY D-VITAMIINIA;FI
602;TERNIMAITO;FI
604;MAITO, KUTUNMAITO, VUOHENMAITO;FI
606;MAITO, RASVATON, D-VITAMIINIA 1 UG;FI
611;PIIMÄ, TALOUSPIIMÄ, RASVAA 0,8 %;FI
612;PIIMÄ, RASVATON, D-VIT 1 UG;FI
613;PIIMÄ, KIRNUPIIMÄ;FI
615;KERMAVIILI, RASVAA 10-12 %;FI
616;PIIMÄ, ASIDOFILUSPIIMÄ, RASVAA 2,5 %, D-VIT 1 UG, PROBIOOTTEJA;FI
617;VIILI, MAUSTAMATON, RASVAA 3,5 %;FI
618;VIILI, MAUSTAMATON, KEVYTVIILI, RASVAA 2,5 %;FI
619;JOGURTTI, MAUSTAMATON, RASVAA 2,5 %, VL;FI
620;JOGURTTI, MAUSTAMATON, BULGARIAN, RASVAA 3,9%;FI
622;RAHKA, MAITORAHKA, MAUSTAMATON, RASVAA <0,5 %;FI
627;MAITO, YKKÖSMAITO, D-VITAMIINIA 1 UG;FI
628;CREME FRAICHE, RANSKANKERMA, RASVAA 28 %;FI
629;KERMA, VISPIKERMA, RASVAA 38 % ,VL, ISKUKUUMENNETTU;FI
630;SMETANA, RASVAA N. 40 %;FI
631;KERMA, KUOHUKERMA, RASVAA 38 %;FI
632;RUOANVALMISTUSKERMA, RASVAA 19 %, KAHVIKERMA;FI
633;KERMA, KAHVIKERMA, KEVYT, RASVAA 10 %, VL;FI
635;RAEJUUSTO, RASVATON, VL;FI
636;VIILI, KERROSVIILI, MAUSTETTU HILLOLLA, YKKÖSVIILI, RASVAA 1 %, VL;FI
637;JOGURTTI, MAUSTAMATON, RASVATON, VL, D-VIT 0,5 UG;FI
639;JOGURTTI, MAUSTETTU, RASVATON;FI
640;JUUSTO, VALKOHOMEJUUSTO, RASVAA 26-30 %, CAMEMBERT/BRIE;FI
641;JUUSTO, KERMAJUUSTO, RASVAA 30 %, TURUNMAA/OLTERMANNI/KORSHOLM/MASURKKA;FI
642;JUUSTO, EMMENTALJUUSTO, RASVAA 27-30 %, PUNALEIMA;FI
643;JUUSTO, KOVA PIENIKOLOINEN JUUSTO, RASVAA 24-27 %, EDAM;FI
644;JUUSTO, PUOLIKOVA JUUSTO, RASVAA 9-11 %, KEVYT, EDAM/KADETT;FI
645;JUUSTO, KUTUNJUUSTO, VUOHENJUUSTO, RASVAA 30 %, KOVA JUUSTO;FI
647;SULATEJUUSTO, RASVAA 20-24 %, KESKIRASVAINEN;FI
648;SULATEJUUSTO, RASVAA 27-35 %, RUNSASRASVAINEN;FI
649;RAEJUUSTO, RASVAA 2-5 %;FI
650;TUOREJUUSTO, KOTIJUUSTO, RASVAA 9-14 %, MAALAISJUUSTO;FI
653;JUUSTO, SINIHOMEJUUSTO, RASVAA 27-30 %, AURA/DANAZOLE, KESKIARVO;FI
654;JUUSTO, GOUDA, KESKIARVO, RASVAA 28-30 %;FI
655;JUUSTO, PUOLIKOVA JUUSTO, RASVAA 25-35 %, LAPPI/SMÅLAND/BILLINGE/RUSTHOLLI;FI
657;JUUSTO, LEIPÄJUUSTO, RASVAA 17-23 %;FI
658;TUOREJUUSTO, RUNSASRASVAINEN, MUSTAPIPPURIJUUSTO;FI
659;SULATEJUUSTO, RASVAA 9-12 %, VÄHÄRASVAINEN;FI
661;JÄÄTELÖ, PEHMYTJÄÄTELÖ, VOHVELI;FI
663;JÄÄTELÖ, KERMAJÄÄTELÖ;FI
664;JÄÄTELÖ, KERMAJÄÄTELÖPUIKKO, SUKLAAKUORRUTE, KESKIARVO;FI
665;JÄÄTELÖ, KERMAJÄÄTELÖTUUTTI;FI
666;JÄÄTELÖ, MAITOJÄÄTELÖ;FI
667;JÄÄTELÖ, SOKERITON, KEINOTEKOISESTI MAKEUTETTU, RASVAA 6,5 %;FI
668;JÄÄTELÖ, KERMAJÄÄTELÖ, RASVAA YLI 12 %, KESKIARVO;FI
672;MAITOJAUHE, RASVATON;FI
675;MAITO, KEVYTMAITO, VL, D-VITAMIINIA 1 UG;FI
680;VIILI, MAUSTAMATON, RASVAA 1 %, YKKÖSVIILI;FI
682;TUOREJUUSTO, RASVAA 30 %, MAUSTETTU, CREME BONJOUR/CANTADOU;FI
684;MAITO, KEVYTMAITO, D-VITAMIINIA 1 UG;FI
685;JOGURTTI, MAUSTETTU, RASVATON, OSITTAIN KEINOTEKOISESTI MAKEUTETTU, KA.;FI
686;JOGURTTI, MAUSTETTU, RASVAA 7 %;FI
687;JOGURTTI, RUOANVALMISTUSJOGURTTI, RASVAA 6-8 %, VL;FI
689;MAITO, TÄYSMAITO, D-VITAMIINIA 1 UG;FI
690;JUUSTO, SALAATTIJUUSTO, RASVAA 18 %, LEHMÄNMAITO, SUOLALIEMESSÄ;FI
691;JUUSTO, EMMENTALJUUSTO, RASVAA 27-30 %, SUURIKOLOINEN, SINILEIMA/GRUYERE;FI
698;JUUSTO, CHEDDAR, RASVAA 34 %;FI
699;RUOANVALMISTUSKERMA, KASVIRASVAKERMA, RASVAA 15 %;FI
701;SIANRUHO, KESKIRASVAINEN;FI
703;SIANKYLJYS/SELKÄ, PAKSU RASVAKERROS;FI
704;SIANKINKKU, SILAVOINEEN;FI
705;SIANLAPA;FI
706;SIANKYLKI;FI
707;PEKONI, 32 % RASVAA;FI
708;SIAN SELKÄSILAVA;FI
709;SIANPOTKA;FI
711;JAUHELIHA, SIKA-NAUTA;FI
712;JAUHELIHA, NAUDAN, VÄHÄRASVAINEN, RASVAA 7 %;FI
713;SIANLIHA, KESKIARVO;FI
714;NAUDANLIHA, RASVAINEN, KESKIARVO;FI
716;NAUDANRUHO, KESKIRASVAINEN, 13 % RASVAA;FI
718;NAUDANPAISTI;FI
719;NAUDANLAPA/ETUSELKÄ, NAUDAN KEITTOLIHA;FI
720;NAUDANPOTKA;FI
721;NAUDANRINTA;FI
722;NAUDANFILEE, ULKOFILEE;FI
723;NAUDANKYLKI;FI
726;VASIKANPAISTI;FI
730;LAMPAANLIHA, VÄHÄRASVAINEN;FI
731;LAMPAANLIHA, RASVAINEN;FI
732;LAMPAANPAISTI;FI
734;PORONLIHA;FI
735;HIRVENLIHA, HIRVI;FI
736;JÄNIS;FI
737;KANI;FI
741;LIHASÄILYKE, NAUDANLIHA;FI
743;LIHASÄILYKE, SIKA-NAUTA;FI
747;LIHAHYYTELÖ, TEOLLINEN, NAUDANLIHASTA;FI
748;SIANPAISTI, VÄHÄRASVAINEN;FI
750;KANA;FI
751;BROILERI, KOKONAINEN, NAHKOINEEN, RAAKA;FI
752;KALKKUNA NAHKOINEEN;FI
753;METSÄLINTU;FI
754;BROILERISUIKALE;FI
775;KOKOLIHALEIKKELE, SAUNAPALVIKINKKU, RASVAA 6 %;FI
776;KOKOLIHALEIKKELE, NAUDANLIHALEIKKELE, RASVAA 2,8 %;FI
779;KOKOLIHALEIKKELE, KEITTOKINKKU, RASVAA 3 %;FI
786;MAKSA, NAUDAN;FI
787;MAKSA, SIAN;FI
788;MAKSA, BROILERIN;FI
789;MAKSA, PORON;FI
790;MAKSA, KESKIARVO;FI
791;MUNUAINEN;FI
792;SYDÄN, NAUDAN;FI
793;KIELI, NAUDAN;FI
794;VERI;FI
797;KOKOLIHALEIKKELE, POROLEIKKELE, KYLMÄSAVUSTETTU;FI
799;KOKOLIHALEIKKELE, KINKKULEIKKELE, VÄHÄRASVAINEN, RASVAA 3 %;FI
800;SILAKKA, TUORE, ITÄMERI;FI
801;SILAKKA, SUOLATTU, ITÄMERI;FI
802;SILAKKA, SAVUSTETTU, ITÄMERI;FI
803;SILLI, TYNNYRIIN SUOLATTU;FI
804;TURSKA;FI
805;KUHA;FI
806;PUNA-AHVEN, SAVUSTETTU;FI
807;SINIPALLAS, SAVUSTETTU;FI
809;MUIKKU, JÄRVI;FI
810;MUIKKU, JÄRVI, SUOLATTU;FI
811;MUIKKU, JÄRVI, SAVUSTETTU;FI
812;AHVEN;FI
813;HAUKI;FI
814;LAHNA;FI
815;SIIKA;FI
816;SIIKA, SAVUSTETTU;FI
817;LOHI, KOKONAINEN;FI
818;LOHI, TUORESUOLATTU;FI
819;MADE;FI
820;KAMPELA;FI
821;ANKERIAS;FI
822;KIRJOLOHI, KOKONAINEN, KESKIARVO;FI
823;TAIMEN;FI
824;KALA, KESKIARVO, SILAKKA/MUIKKU/AHVEN/HAUKI;FI
825;NAHKIAINEN, SAVUSTETTU;FI
826;SEITI, PAKASTE;FI
828;TONNIKALA, ÖLJYSSÄ, SÄILYKE;FI
829;ANJOVIS;FI
830;LOHI, ÖLJYSSÄ;FI
831;SARDIINI, KESKIARVO, ÖLJYSSÄ JA TOMAATTIKASTIKKEESSA;FI
832;KAVIAARI, SAMMEN MÄTI;FI
833;MÄTITAHNA;FI
834;SINISIMPUKKA, VEDESSÄ, SÄILYKE;FI
835;KATKARAPU;FI
836;RAPU;FI
837;SILLI, MAUSTE/SUOLASILLI, KESKIARVO;FI
838;SILAKKA, MAUSTE/SUOLASILAKKA, KESKIARVO;FI
844;LAHNA, SAVUSTETTU;FI
845;SÄRKI;FI
846;PUNA-AHVEN, PUNASIMPPU, PAKASTE;FI
848;KIRJOLOHIFILEE, MERI;FI
851;KANANMUNAN KELTUAINEN, 34 % KANANMUNAN MASSASTA;FI
852;KANANMUNAN VALKUAINEN, 66 % KANANMUNAN MASSASTA;FI
855;VIIRIÄISEN MUNA;FI
856;KALA, SAVUSTETTU, KESKIARVO, VÄHÄRASVAINEN;FI
857;KALA, SAVUSTETTU, KESKIARVO, RASVAINEN;FI
858;KANANMUNA, KUORETON;FI
859;SILLI, VALKOSIPULI-/SINAPPIKASTIKKEESSA;FI
860;SILAKKA, TILLI-/SINAPPIKASTIKKEESSA;FI
862;TONNIKALA;FI
863;OSTERI;FI
864;ETANA;FI
865;MUSTEKALA;FI
866;HUMMERI;FI
870;KIRJOLOHIFILEE, TUORESUOLATTU;FI
871;LOHIFILEE;FI
900;KAHVI, KAHVIJUOMA, KESKIARVO;FI
901;TEE;FI
902;OLUT, KESKIOLUT, 4,5 TIL% ALKOHOLIA;FI
903;OLUT, A-OLUT, 5-5,5 TIL% ALKOHOLIA;FI
904;VIINI, KESKIARVO, 8-15 TIL% ALKOHOLIA;FI
905;VÄKEVÄ VIINI, MAKEA, KATKERO, SHERRY, VERMUTTI, MADEIRA, HEDELMÄVIINI;FI
906;VIINA, KIRKAS, VODKA, GINI;FI
907;KONJAKKI/ROMMI/VISKI, 40 TIL% ALKOHOLIA;FI
908;LIKÖÖRI, 20-30 TIL% ALKOHOLIA;FI
909;GIN LONG DRINK, 5,5 TIL%;FI
910;VIRVOITUSJUOMA;FI
911;SIIDERI, MAKEA, <3 TIL% ALKOHOLIA;FI
912;SIMA;FI
913;OLUT, I-OLUT, <2,8 TIL% ALKOHOLIA;FI
914;KALJA, KOTIOLUT;FI
915;KIVENNÄISVESI, MINERAALIVESI;FI
917;TEE, SITRUUNATEEJUOMAJAUHE, VALMISTAMATON, SOKERILLA MAKEUTETTU PIKATEE;FI
920;VIRVOITUSJUOMA, SOKERITON, LIGHT;FI
921;KIVENNÄISVESI, VÄHÄNATRIUMINEN;FI
922;VESI, VESIJOHTOVESI;FI
923;TEE, YRTTITEE;FI
924;PUNAVIINI;FI
925;VALKOVIINI, KUIVA;FI
926;VALKOVIINI, MAKEA;FI
928;VIRVOITUSJUOMA, KOLAJUOMA, KESKIARVO;FI
929;VIINIETIKKA;FI
930;KAHVI, SUODATINKAHVIJUOMA;FI
931;KAHVI, PANNUKAHVIJUOMA;FI
932;KAHVI, CAPPUCCINO, MAKEUTTAMATON, TÄYSMAITO;FI
933;VÄKIVIINAETIKKA;FI
934;HUNAJA-OMENA-VIINIETIKKA;FI
936;MIETO VIINI, 4-5 TIL% ALKOHOLIA;FI
937;TEE, VIHREÄ TEE;FI
938;VIRVOITUSJUOMA, OSITTAIN KEINOTEKOISESTI MAKEUTETTU;FI
939;SIIDERI, MAKEA, 4,7 TIL% ALKOHOLIA;FI
940;OLUT, VAHVA, 7,5-8 TIL% ALKOHOLIA;FI
941;VIRVOITUSJUOMA, KOLAJUOMA LIGHT, OSITTAIN KEINOTEKOISESTI MAKEUTETTU;FI
942;KERMALIKÖÖRI, 15-17 TIL% ALKOHOLIA;FI
946;TÄRKKELYSSIIRAPPI, GLUKOOSISIIRAPPI;FI
1554;JUUSTONAKSU;FI
5007;VOILEIPÄPIKKELSSI;FI
11004;MÄTI, KESKIARVO;FI
11005;NELJÄN VILJAN HIUTALE;FI
11007;RUUSUNMARJA;FI
11012;MANSIKKAHILLO, KOTITEKOINEN, SOKERIA 54 %;FI
11013;APPELSIINIMARMELADI;FI
11014;PALMUÖLJY;FI
11030;JAUHO, RUISSIHTIJAUHO;FI
11045;APPELSIINI, KUORITTU;FI
11046;MANDARIINI, KUORITTU;FI
11047;GREIPPI, KUORITTU;FI
11048;SITRUUNA, KUORITTU;FI
11049;BANAANI, KUORITTU;FI
11050;KIIVI, KUORITTU;FI
11051;PERSIKKA/NEKTARIINI, KUORITTU, KIVETÖN;FI
11052;KIRSIKKA, KIVETÖN;FI
11053;LUUMU, KIVETÖN;FI
11054;APRIKOOSI, KESKIARVO, KIVETÖN;FI
11055;VESIMELONI, KUORITTU;FI
11056;ANANAS, KUORITTU;FI
11057;AVOKADO, KUORITTU, KIVETÖN;FI
11059;TONNIKALA, KESKIARVO;FI
11060;OMENA, KOTIMAINEN, KUORITTU;FI
11061;OMENA, ULKOMAINEN, KUORITTU;FI
11062;PÄÄRYNÄ, KUORITTU;FI
11063;LUUMU, KIVETÖN, KUIVATTU;FI
11064;HERKKUSIENI, SÄILYKE;FI
11065;RUUSUNMARJASOSE, SOKERITON;FI
11067;TONNIKALA, VEDESSÄ, SÄILYKE;FI
11069;VIINI, ALKOHOLITON;FI
11071;EKSOOTTINEN HEDELMÄ, KESKIARVO, MANGO/PAPAIJA, KUORITTU;FI
11072;HAPANKURKKU LIEMINEEN, VENÄLÄINEN KURKKU;FI
11074;ITU, SINIMAILASEN ITU;FI
11086;PÄHKINÄ, CASHEWPÄHKINÄ;FI
11087;TAHINI, SEESAMTAHNA, EI LISÄTTYÄ SUOLAA;FI
11089;KIKHERNE SUOLATTOMASSA VEDESSÄ;FI
11090;PAPU, VALKOINEN, TOMAATTIKASTIKE;FI
11092;HERAJAUHE, TEOLLISUUDEN RAAKA-AINE;FI
11130;TUOREJUUSTO, RASVAA 6-11 %, MAUSTETTU;FI
11131;JUUSTO, VALKOHOME/VALKOSINIHOMEJUUSTO, RASVAA 40 %;FI
11133;JUUSTO, PUOLIKOVA JUUSTO, KEVYT, RASVAA 15-18 %;FI
11134;BASILIKA, TUORE;FI
11135;BAMBUNVERSO;FI
11136;KERMA, VISPIKERMA, KEVYT, RASVAA 25 %;FI
11142;MEHUJÄÄ KESKIARVO;FI
11145;MAITO, RASVATON, VL, D-VITAMIINIA 1 UG;FI
11146;JUUSTO, LEIPÄJUUSTO, RASVAA 17-23 %, VL;FI
11148;JÄÄTELÖ, KERMAJÄÄTELÖPUIKKO, SUKLAINEN, KESKIARVO;FI
11149;JÄÄTELÖ, MEHUJÄÄ-JÄÄTELÖPUIKKO, KESKIARVO;FI
11150;BROILERI, MARINOITU, ILMAN NAHKAA, RAAKA;FI
11152;KERMAVIILI, RASVAA 10-12 %, VL;FI
11154;VIILI, MAUSTAMATON, KEVYTVIILI, RASVAA 2 %, VL;FI
11155;RAEJUUSTO, RASVAA 2-5 %, VL;FI
11156;RAHKA, MAITORAHKA, MAUSTAMATON, RASVAA <0,5 %, VL;FI
11159;CREME FRAICHE, RANSKANKERMA, RASVAA 15-18 %;FI
11164;JÄLKIRUOKAKASTIKE, VANILLIINIKASTIKE, VISPAUTUVA VANILJAKASTIKE;FI
11165;PIIMÄ, RASVATON, VL, D-VIT 1UG;FI
11172;JÄÄTELÖ, KASVIRASVAJÄÄTELÖPUIKKO, SUKLAAKUORRUTE;FI
11173;JÄÄTELÖ, KASVIRASVAJÄÄTELÖTUUTTI;FI
11177;MUSTAPIPPURI;FI
11178;VALKOPIPPURI;FI
11182;PAPRIKAJAUHE;FI
11188;VANILLIINISOKERI;FI
11191;OREGANO, KUIVATTU;FI
11194;TIMJAMI, KUIVATTU;FI
11196;AROMISUOLA/YRTTISUOLA SUOLAPITOISUUS 71 %;FI
11197;MAUSTEKASTIKE, RUSKEA, HP-KASTIKE;FI
11198;RYPÄLESOKERI, GLUKOOSI;FI
11203;HUNAJAMELONI, KUORITTU;FI
11210;KSYLITOLIPASTILLI, C-VITAMINOITU;FI
11211;JUUSTO, FETAJUUSTO, RASVAA 25 %, VUOHENMAITO, SUOLALIEMESSÄ;FI
11212;AURINGONKUKANSIEMEN, KUORITTU;FI
11287;KASVIRASVALEVITE 28 %, MINI LÄTTA;FI
11503;TÄYSMEHU, RYPÄLETÄYSMEHU;FI
11505;BANAANILASTU, KUIVATTU BANAANI;FI
11507;RIISITÄRKKELYS;FI
11512;SIANKYLJYS;FI
11513;PORSAANFILEE, SISÄFILEE, RASVAA 4,5 %;FI
11521;RIISI PITKÄJYVÄINEN, PUUROUTUMATON;FI
11522;RUIS-RIISISEOS, RIISI JA RUISROUHE;FI
11550;TUOREJUUSTO, RASVAA 30 %, MAUSTETTU, VL;FI
11551;KALKKUNAN RINTAFILEE;FI
11553;HEDELMÄHILLO, KESKIARVO;FI
11557;TÄYSMEHU, SITRUUNATÄYSMEHU, LAIMENTAMATON;FI
11558;TÄYSMEHU, APPELSIINITÄYSMEHU, KALSIUMIA;FI
11562;JAUHELIHA, NAUDAN, RASVAA 17 %;FI
11563;BROILERI, KOIPI-REISI, NAHKOINEEN, RAAKA;FI
11564;BROILERI, RINTALEIKE, NAHKOINEEN;FI
11565;BROILERI, RINTAFILEE, NAHATON, SUIKALE, LEIKE;FI
11571;TUOREJUUSTO, RASVAA 11 %, MAUSTAMATON;FI
11580;PÄHKINÄVÄLIPALA, MAKEA, PATUKKA/LEVY;FI
11587;MARJAJUOMA, RUUSUNMARJA, PRO VIVA, KAURAA JA PROBIOOTTEJA;FI
11589;PIPARJUURI;FI
11680;PERUNA, KUORITTU, SUURTALOUSTUOTE, SUOJAKAASUPAKATTU;FI
11685;PAISTOÖLJY, PALMUÖLJY 50 %, PALMUYDINÖLJY 25 %, RYPSIÖLJY 25 %;FI
11687;RIISIJUOMA, MAUSTAMATON;FI
11689;PARSA, RAAKA, PUHDISTETTU;FI
11690;MAJONEESI, VÄHÄRASVAINEN, RASVAA 15 %;FI
11691;MÄTI, KESKIARVO, SUOLATTU;FI
11694;JOGURTTI, MAUSTETTU HILLOLLA, RASVAA 2 %, VL;FI
11695;RYPSIÖLJY, KYLMÄPURISTETTU;FI
11700;SOIJAPROTEIINI KONSENTRAATTI, 58 % PROTEIINIA;FI
11701;PALMUYDINÖLJY;FI
11723;JOGURTTI, MAUSTETTU, RASVAA 3 %;FI
11725;VIILI, MAUSTETTU, RASVAA 2 %;FI
11726;VIILI, MAUSTETTU, RASVAA 1 %, VL;FI
11727;JOGURTTI, MAUSTETTU, RASVAA 2,5 %;FI
11734;SIITAKESIENI;FI
11735;OSTERIVINOKAS;FI
11736;JOGURTTI, MAUSTAMATON, RASVAA 1,5 %;FI
11739;KASVIRASVALEVITE 35 %, BECEL PRO-ACTIV;FI
28905;JAUHO, TÄYSJYVÄVEHNÄJAUHO;FI
28909;MAKARONI, RUISMAKARONI;FI
28910;RIISI TUMMA;FI
28913;PERUNA, PUNNITTU KUORINEEN;FI
28915;MELONI, VERKKO/CANTALOUPEMELONI, PUNNITTU KUORINEEN;FI
28916;OMENA, KESKIARVO, PUNNITTU KUORINEEN;FI
28917;PÄÄRYNÄ, PUNNITTU KUORINEEN;FI
28918;LUUMU, TUMMA, PUNNITTU KIVINEEN;FI
28919;LUUMU, TUMMA, KUIVATTU, PUNNITTU KIVINEEN;FI
28920;KIRSIKKA, PUNNITTU KIVINEEN;FI
28921;APRIKOOSI, KESKIARVO, PUNNITTU KIVINEEN;FI
28922;PERSIKKA/NEKTARIINI, KESKIARVO, PUNNITTU KIVINEEN;FI
28923;ANANAS, TUORE, PUNNITTU KUORINEEN;FI
28924;APPELSIINI, PUNNITTU KUORINEEN;FI
28925;SITRUUNA, KESKIARVO, PUNNITTU KUORINEEN;FI
28926;GREIPPI, KESKIARVO, PUNNITTU KUORINEEN;FI
28927;MAKKARA, KASVISMAKKARA, SOIJAPITOINEN;FI
28928;VIININLEHTI, SÄILÖTTY SUOLALIEMEEN;FI
28929;JAUHELIHA, LAMPAAN, RASVAA 14 %;FI
28930;JAUHELIHA, BROILERIN;FI
28931;VESIMELONI, PUNNITTU KUORINEEN;FI
28932;VIINIRYPÄLE, KESKIARVO, PUNNITTU KIVINEEN, VIHREÄ/TUMMA;FI
28933;AVOKADO, PUNNITTU KUORINEEN JA KIVINEEN;FI
28934;BANAANI, PUNNITTU KUORINEEN;FI
28935;MANDARIINI, KESKIARVO, PUNNITTU KUORINEEN;FI
28936;VIIKUNA, KUIVATTU, PUNNITTU KANTOINEEN;FI
28937;TAATELI, KUIVATTU, PUNNITTU KIVINEEN;FI
28938;OLIIVI, KESKIARVO, KIVETÖN, ÖLJYSSÄ, VIHREÄ/MUSTA;FI
28939;KIIVI, PUNNITTU KUORINEEN;FI
28941;OMENA, KOTIMAINEN, KUORINEEN;FI
28942;OMENA, ULKOMAINEN, KUORINEEN;FI
28944;HUNAJAMELONI, PUNNITTU KUORINEEN;FI
28945;JAUHELIHA, KALKKUNAN, RASVAA 5-6 %;FI
28946;JAUHELIHA, SIAN, RASVAA 16 %;FI
28947;PEKONI, FILEE, RASVAA 18 %;FI
28962;MAISSINTÄHKÄ, KOKONAINEN;FI
28991;KAHVI, CAFE AU LAIT, MAKEUTTAMATON, TÄYSMAITO;FI
28992;MAITO, TÄYSMAITO, KEITETTY;FI
28993;KAHVI, CAFFE LATTE, MAKEUTTAMATON, TÄYSMAITO;FI
29008;KASVISLIEMIKUUTIO;FI
29009;KANALIEMIKUUTIO, SISÄLTÄÄ VEHNÄÄ;FI
29010;KALALIEMIKUUTIO;FI
29014;KOOKOSMAITO, KOOKOSJUOMA;FI
29055;NUUDELI, RIISINUUDELI;FI
29060;JUUSTO, SALAATTIJUUSTO, RASVAA 12-15 %, LEHMÄNMAITO, SUOLALIEMESSÄ;FI
29064;MAITO, KEVYTMAITO, LAKTOOSITON MAITOJUOMA, D-VITAMIINIA 1 UG;FI
29065;RUOANVALMISTUSKERMA, RASVAA 15 %;FI
29066;KERMA, KUOHUKERMA, RASVAA 35 %;FI
29070;ENERGIAJUOMA, VITAMINOITU;FI
29089;JOGURTTI, JUOTAVA, RASVAA 0,1 %;FI
29091;KAHVI, CAPPUCCINO, MAKEUTTAMATON, RASVATON MAITO;FI
29128;VIILI, MAUSTAMATON, RASVATON;FI
29135;SIIDERI, KUIVA, 4,7 TIL% ALKOHOLIA;FI
29150;MEHU, MEHUJUOMA, PUOLUKKA, LAIMENNETTU;FI
29155;KAAKAORASVA;FI
29156;SUKLAA, VALKOINEN, VALKOSUKLAA;FI
29159;MARGARIINI 40 %, TEOLLINEN TUOTEKESKIARVO;FI
29160;KANANMUNA, KUORINEEN PUNNITTU;FI
29207;SILAKKAFILEE;FI
29208;KUSKUS;FI
29210;MAITO, KEVYTMAITO, EI LISÄTTY D-VITAMIINIA, LUOMU;FI
29211;MAITO, RASVATON, EI LISÄTTY D-VITAMIINIA, LUOMU;FI
29212;PIIMÄ, RASVATON, EI LISÄTTY D-VITAMIINIA, LUOMU;FI
29215;MEHU, MEHUJUOMA, C-VITAMIINIA;FI
29217;KANGASROUSKU;FI
29228;JUUSTO, FETAJUUSTO, VUOHENMAITO, ÖLJYSSÄ;FI
29237;LESE, RUISLESE;FI
29239;JUUSTO, MOZZARELLA, RASVAA 20 %, TUOREJUUSTO;FI
29409;MARGARIINI 60 %, BECEL LAKTOOSITON;FI
29410;HERKKUTATTI;FI
29412;ÄIDINMAIDONKORVIKE, JAUHE, TUOTEKESKIARVO;FI
29413;ÄIDINMAIDONKORVIKE, KÄYTTÖVALMIS, TUOTEKESKIARVO;FI
29496;MAKARONI, GLUTEENITON;FI
29499;JAUHO, JAUHOSEOS, LUONTAISESTI GLUTEENITON, RIISI-MAISSI-PERUNA;FI
29501;TONIKKI, TONIC VESI;FI
29685;TÄYSMEHU, LUUMUTÄYSMEHU;FI
29687;MAKEINEN, SALMIAKKIMAKEINEN;FI
29819;PIIMÄ, GEFILUS-PIIMÄ, RASVATON, D-VIT 1 UG, PROBIOOTTEJA;FI
29822;JAUHO, MAISSIJAUHO, KARKEA, POLENTAJAUHO;FI
29823;JAUHO, MAISSIJAUHO, HIENOKSI JAUHETTU;FI
29975;ATERIANKORVIKE, PROTEIINIJUOMAJAUHE, HERBALIFE FORMULA 1, 35 % PROTEIINIA;FI
30051;TÄYSKSYLITOLIPASTILLI;FI
30104;JAUHO, TAPIOKA;FI
30187;MAISSINAKSU, SUOLATON;FI
30190;JAUHO, KAURAJAUHO;FI
30193;PASTA, MONIVILJAPASTA, VEHNÄ, RUIS, OHRA;FI
30194;URHEILUJUOMA, HIILIHYDRAATTIJUOMA, POWERADE, GATORADE;FI
30207;SOIJAJUOMA, KALSIUMIA;FI
30208;KAURAJUOMA, MAIDOTON, LISÄTTY KALSIUMIA;FI
30209;KAURAJUOMA, MAIDOTON, LISÄTTY KALSIUMIA JA VITAMIINEJA;FI
30210;KAURAJUOMA, MAIDOTON, OAT DRINK;FI
30211;KAURAVALMISTE, VAIHTOEHTO KERMALLE, RASVAA 15 %;FI
30212;RIISIJUOMA, LISÄTTY KALSIUMIA;FI
30214;VESIKASTANJA;FI
30221;RIISI-KAURASEOS;FI
30223;BATAATTI, KUORITTU;FI
30224;VIRVOITUSJUOMA, KOLAJUOMA LIGHT, KEINOTEKOISESTI MAKEUTETTU;FI
30265;BROILERIN SIIPI, NAHKOINEEN;FI
30268;BROILERIN SIIPI, NAHATON;FI
30271;BROILERIN SIIPI, MARINOITU, RAAKA;FI
30273;LEIKKELEMAKKARA, BALKAN/KINKKUMAKKARA, RASVAA 16 %;FI
30274;LEIKKELEMAKKARA, BALKANMAKKARA, RASVAA 21,5 %;FI
30275;LEIKKELEMAKKARA, GOUTERMAKKARA, RASVAA 12 %;FI
30278;MUIKKUSÄILYKE, TOMAATTIKASTIKKEESSA;FI
30279;LEIKKELEMAKKARA, LAUANTAIMAKKARA, KEVYT, RASVAA 14,5 %;FI
30281;NAKKI, JUUSTOINEN;FI
30292;LENKKIMAKKARA, JUUSTOINEN;FI
30295;LEIKKELEMAKKARA, BALKANMAKKARA/KINKKUMAKKARA, KEVYT, RASVAA 9 %;FI
30305;MEETVURSTI, KEVYT, RASVAA 15 %;FI
30306;MEETVURSTI;FI
30310;SULATEJUUSTO, RASVAA 5 %, VÄHÄRASVAINEN;FI
30317;NAKKI, TUOTEKESKIARVO;FI
30318;LENKKIMAKKARA, KESKIARVO;FI
30319;LEIKKELEMAKKARA, JAHTIMAKKARA, RASVAA 18 %;FI
30321;GRILLIMAKKARA, KEVYT, TUOTEKESKIARVO;FI
30322;RYYNIMAKKARA, TUOTEKESKIARVO;FI
30324;LENKKIMAKKARA, KEVYT, TUOTEKESKIARVO;FI
30325;NAKKI, KEVYT, TUOTEKESKIARVO;FI
30369;RAAKAMAKKARA, SISKONMAKKARA;FI
30370;GRILLIMAKKARA, JUUSTOINEN, LIHAISA;FI
30371;MAKKARA, VERIMAKKARA, MUSTAMAKKARA;FI
30372;MAKSAMAKKARA, MAKSAPASTEIJA, KESKIARVO;FI
30373;MAKSAMAKKARA, MAKSAPASTEIJA, KEVYT, KESKIARVO;FI
30374;GRILLIMAKKARA, JUUSTOINEN;FI
30380;TEE, JÄÄTEE;FI
30388;MEHU, MEHUJUOMA, OSITTAIN KEINOTEKOISESTI MAKEUTETTU;FI
30390;MEHU, MEHUJUOMA, KEVYT, OSITTAIN KEINOTEKOISESTI MAKEUTETTU;FI
30391;TÄYSMEHU, PÄÄRYNÄTÄYSMEHU;FI
30392;MEHU, MEHUJUOMA;FI
30394;MEHUJUOMATIIVISTE, KESKIARVO;FI
30395;TÄYSMEHU, KARPALO-PUOLUKKATÄYSMEHU;FI
30396;MEHU, MEHUJUOMA, SOKERITON, KEINOTEKOISESTI MAKEUTETTU;FI
30402;JUUSTO, PUOLIKOVA JUUSTO, RASVAA 5 %;FI
30406;RAEJUUSTO, RASVAA 2-5 %, LAKTOOSITON;FI
30423;MAITO, RASVATON, LAKTOOSITON MAITOJUOMA, D-VITAMIINIA 1 UG;FI
30429;JUUSTO, VALKOHOMEJUUSTO, RASVAA 16 %, CAMEMBERT/BRIE;FI
30430;SIIDERI, KUIVA, 5,5 TIL% ALKOHOLIA;FI
30432;SIIDERIJUOMA, 0,7 TIL% ALKOHOLIA;FI
30440;RIISISUKLAA;FI
30443;TUOREJUUSTO, RASVAA 15 %, MAUSTETTU, CREME BONJOUR LIGHT;FI
30444;TOMAATTI, AURINKOKUIVATTU, ÖLJYSSÄ;FI
30449;VIILI, MAUSTAMATON, RASVAA 1 %, YKKÖSVIILI, VL;FI
30450;VIILI, MAUSTETTU, RASVAA 2 %, VL;FI
30451;KIVENNÄISVESI, FRUKTOOSILLA MAKEUTETTU;FI
30452;JOGURTTI, JUOTAVA, RASVAA 0,1 %, VL;FI
30454;KERMAVIILI, RASVAA 6 %, VL;FI
30455;KERMAVIILI, RASVAA 3,5 % ,VL;FI
30570;MALTODEKSTRIINI;FI
30572;GRILLIMAKKARA, TUOTEKESKIARVO;FI
30573;GRILLIMAKKARA, LIHAISA, TUOTEKESKIARVO;FI
30574;MEHU, HÖYRYMEHU, MUSTAHERUKKA, LAIMENTAMATON, SOKERITON;FI
30575;MEHU, HÖYRYMEHU, MUSTAHERUKKA, LAIMENNETTU, SOKERITON;FI
30576;MEHU, GEFILUS, PROBIOOTTEJA, TUOTEKESKIARVO;FI
30606;TÄYSMEHU, C-VITAMIINIA, D-VITAMIINIA, PROBIOOTTEJA;FI
30607;MEHU, MEHUJUOMA, KUITUA;FI
30610;VOI, VÄHÄSUOLAINEN;FI
30616;MARGARIINI 40 %, RAINBOW;FI
30617;KASVIRASVALEVITE 70 %, KEIJU LAKTOOSITON, D-VIT 20 UG;FI
30619;MARGARIINI 60 %, KEIJU NORMAALISUOLAINEN, D-VIT 20 UG;FI
30629;MARGARIINI 60 %, KULTARYPSI;FI
30631;MARGARIINI 60 %, TEOLLINEN TUOTEKESKIARVO;FI
30633;MEHUJUOMATIIVISTE, VITAMINOITU;FI
30636;SIIDERI, KEVYT, 4,7 TIL% ALKOHOLIA;FI
30638;GIN LONG DRINK, KEVYT 4,7 TIL%;FI
30641;KANANMUNA, OMEGA, KUORETON;FI
30646;RUOANVALMISTUSKERMA, RASVAA 5 %, VL;FI
30665;ATERIANKORVIKE, PROTEIINIPATUKKA, KESKIARVO, N. 30 % PROTEIINIA;FI
30673;RAHKA, MAUSTETTU, RASVAA 3,5 %;FI
30792;BROILERI, KOIPI-REISI, NAHATON;FI
30799;JÄLKIRUOKAKASTIKE, VANILJAKASTIKE, KAURAPOHJAINEN;FI
30800;JÄÄTELÖ, KAURAJÄÄTELÖ;FI
30801;KOKOLIHALEIKKELE, PARMANKINKKU, ILMAKUIVATTU KINKKU, RASVAA 15 %;FI
30914;FENKOLI, SALAATTIFENKOLI;FI
30925;MAJONEESI, RASVAA 80 %;FI
30926;MAJONEESI, RASVATON;FI
30968;PINJANSIEMEN;FI
30991;PELLAVANSIEMEN, KOKONAINEN;FI
31139;PASTA, VEHNÄNALKIOPASTA;FI
31144;SIANLIHASUIKALE, MARINOITU, RAAKA;FI
31145;NAUDANLIHASUIKALE, MARINOITU, RAAKA;FI
31160;RUOKASOODA;FI
31174;PASTA, TUMMA PROTEIINIPASTA;FI
31175;KVINOA, SIEMEN;FI
31211;KURPITSANSIEMEN;FI
31212;PÄHKINÄ, PISTAASIPÄHKINÄ;FI
31213;PAPU, MUNGOPAPU, KEITETTY, LISÄTTY SUOLAA;FI
31214;PAPU, KIDNEYPAPU, KEITETTY;FI
31216;PAPU, ADUKIPAPU, KUIVATTU;FI
31217;PAPU, ADUKIPAPU, KEITETTY, SUOLATON;FI
31218;KIKHERNE, KUIVATTU;FI
31219;LINSSI, PUNAINEN, KUIVATTU;FI
31225;LINSSI, PUNAINEN, KEITETTY;FI
31226;JAUHO, SPELTTIJAUHO, TÄYSJYVÄ;FI
31228;JÄÄTELÖ, KAURAJÄÄTELÖ, PUIKKO;FI
31229;JÄÄTELÖ, SOIJAJÄÄTELÖPUIKKO, SUKLAAKUORRUTE;FI
31231;SOIJAVALMISTE, VAIHTOEHTO KERMALLE, RASVAA 17,5 %;FI
31233;PAPU, HÄRKÄPAPU, KUIVATTU, KEITETTY, LISÄTTY SUOLA;FI
31237;AMARANTTI, HIUTALE;FI
31238;JOHANNEKSENLEIPÄPUUJAUHE, CAROB-JAUHE;FI
31246;SOIJAJUOMA, VITAMINOITU;FI
31247;SOIJAJUOMA, EI LISÄTTYÄ SOKERIA;FI
31248;SOIJAJUOMA, SUKLAA, VITAMINOITU;FI
31249;TEMPEH;FI
31252;RIISIKAKKU, RIISIKEKSI;FI
31253;RIISI-MAISSIKAKKU;FI
31254;SUKLAARUSINA;FI
31256;PASTA, TUOREPASTA, KANANMUNAA;FI
31457;PUOLUKKAHILLO;FI
31459;OMENAHILLO;FI
31482;MAKARONI, PASTA, KANANMUNAA;FI
31487;MAITOJAUHE, RASVATON, VL, D-VITAMIINIA 5 UG;FI
31488;MAITOJAUHE, RASVATON, LAKTOOSITON, D-VITAMIINIA 5 UG;FI
31495;PELLAVAÖLJY;FI
31496;MAITOJAUHE, RASVATON, D-VITAMIINIA 5 UG;FI
31497;MAITOJAUHE, RASVATON, VL;FI
31498;MAITOJAUHE, RASVATON, LAKTOOSITON;FI
31504;RASVASEOSLEVITE 70 %;FI
31505;RASVASEOSLEVITE 75 %, LAKTOOSITON;FI
31506;RASVASEOS 40 %, VL;FI
31508;RASVASEOS, JUOKSEVA, 80%, KESKIARVO;FI
31511;JOGURTTI, MAUSTETTU, RASVAA NOIN 4 %, LAKTOOSITON;FI
31518;JÄÄTELÖ, JOGURTTIJÄÄTELÖ, RASVAA 9 %;FI
31525;SOIJAVÄLIPALA, ALPRO, HAPATETTU, MAUSTAMATON, RASVAA 2,3 %, KALSIUM, VITAMINOITU;FI
31530;VOI, LAKTOOSITON;FI
31532;JAUHO, JAUHOSEOS, TUMMA, LUONTAISESTI GLUTEENITON;FI
31534;JAUHO, JAUHOSEOS, GLUTEENITON, VEHNÄTÄRKKELYSTÄ, VITAMINOITU, MAITO;FI
31536;KALAPUIKKO, LOHI, KYPSENTÄMÄTÖN;FI
31537;PASTA, TÄYSJYVÄRIISIJAUHO, LUONTAISESTI GLUTEENITON;FI
31538;APRIKOOSISOSE, SOKERITON, C-VITAMINOITU;FI
31539;MARJASOSE, SOKERITON, C-VITAMINOITU;FI
31544;JAUHO, JAUHOSEOS, VAALEA, LUONTAISESTI GLUTEENITON;FI
31545;KETSUPPI, VÄHEMMÄN SUOLAA JA SOKERIA, FELIX;FI
31550;JAUHO, JAUHOSEOS, VAALEA, GLUTEENITON, VEHNÄTÄRKKELYS, MAITOJAUHE;FI
31552;GUAVA;FI
31553;MAITO, KEVYTMAITO, LAKTOOSITON MAITOJUOMA, EI LISÄTTY D-VITAMIINIA, LUOMU;FI
31555;GRANAATTIOMENA, KUORITTU;FI
31557;CHILI, VIHREÄ, TUORE;FI
31675;PASTA, SPAGETTI, MAKARONI, LUONTAISESTI GLUTEENITON;FI
31677;PASTA, SPAGETTI, LUONTAISESTI GLUTEENITON, KANANMUNAA;FI
31679;PASTA, KUITUPITOINEN, LUONTAISESTI GLUTEENITON;FI
31681;PSYLLIUM, SIEMENKUORIJAUHE;FI
31683;JAUHO, JAUHOSEOS, GLUTEENITON, VEHNÄTÄRKKELYSTÄ, VITAMINOITU;FI
31692;JAUHO, KORPPUJAUHO, LUONTAISESTI GLUTEENITON;FI
31888;MAITO, RASVATON, VALIO PLUS, D-VITAMIINIA 2 UG;FI
31891;MAITO, TÄYSMAITO, VL, D-VITAMIINIA 1 UG;FI
31894;MAITO, KAHVIMAITO, RASVAA 2 %, LAKTOOSITON, D-VITAMIINIA 1 UG;FI
31900;PIIMÄ, RASVATON, LAKTOOSITON, D-VIT 1 UG;FI
31956;RAHKA, MAUSTETTU, RASVATON, KEINOTEKOISESTI MAKEUTETTU;FI
31959;RUOANVALMISTUSKERMA, MAUSTETTU, KOLMEN JUUSTON, RASVAA 10 % , VL;FI
31966;KERMA, KUOHUKERMA, KASVIRASVAKERMA, FLORA KUOHU, RASVAA 26 %;FI
31968;JÄÄTELÖ, KERMAJÄÄTELÖ, LAKTOOSITON;FI
31969;JÄÄTELÖ, KERMAJÄÄTELÖ, VL;FI
31970;JÄÄTELÖ, KERMAJÄÄTELÖÄ JA KEKSIÄ, PUFFET;FI
31971;JÄÄTELÖ, KEVYT, RASVAA 4,5 %;FI
31972;JÄÄTELÖ, KERMAJÄÄTELÖ, MAUSTETTU, CARTE D'OR STRACCIATELLA;FI
31990;JÄÄTELÖ, KERMAJÄÄTELÖ, MAUSTETTU, CARTE D'OR MASCARPONE;FI
31991;SORBETTI, VADELMASORBETTI, TEOLLINEN;FI
31994;JÄÄTELÖ, SOIJAJÄÄTELÖTUUTTI, GLUTEENITON;FI
31996;JÄÄTELÖ, RIISIJÄÄTELÖ;FI
31997;JÄÄTELÖ, JOGURTTIJÄÄTELÖ, RASVAA 4 %;FI
32000;JÄÄTELÖ, KERMAJÄÄTELÖPUIKKO, SUKLAA- JA KINUSKIKUORRUTE;FI
32001;JÄÄTELÖ, KERMAJÄÄTELÖ, MAUSTETTU, AINO KERMAINEN KARAMELLI;FI
32002;RAHKA, MAUSTETTU, RASVAA 2,9 %;FI
32004;SOIJAVALMISTE, VAIHTOEHTO KERMALLE, KEVYT, RASVAA 5,2 %;FI
32005;KAURAVALMISTE, VAIHTOEHTO KERMALLE, KEVYT, RASVAA 7 %;FI
32006;RIISIVALMISTE, VAIHTOEHTO KERMALLE, KASVIRASVAVALMISTE, RASVAA 7 %;FI
32007;RIISIJUOMA, LISÄTTY KALSIUMIA JA D-VITAMIINIA;FI
32008;SOIJAJUOMA, ALPRO KEVYT, KALSIUMIA JA VITAMIINEJA;FI
32010;JÄÄTELÖ, KERMAJÄÄTELÖ, JÄTSKIVENE;FI
32084;JOGURTTI, MAUSTETTU, RASVAA 2 %, LAKTOOSITON, D-VIT 0,5 UG;FI
32085;(ARC) JOGURTTI, MAUSTETTU, A+, RASVAA 2 %, VL, D-VIT 1 UG;FI
32088;JOGURTTI, MAUSTAMATON, BULGARIAN, RASVAA 3,5 %, D-VIT 1 UG;FI
32101;MAJONEESI, KURKKUMAJONEESI, HAMPURILAISKASTIKE, HESBURGER;FI
32136;JOGURTTI, MAUSTAMATON, ACTIVIA, RASVAA 3,4 %, PROBIOOTTEJA;FI
32153;BEARNAISEKASTIKEJAUHE, KASTIKEAINEKSET, KNORR;FI
32163;BEARNAISEKASTIKEJAUHE, KASTIKEAINEKSET, CAMPBELL'S/BLÅ BAND;FI
32172;SOIJAVÄLIPALA, ALPRO, HAPATETTU, MAUSTETTU, RASVAA 2 %, KALSIUMIA, VITAMINOITU;FI
32175;HOLLANDAISEKASTIKEJAUHE, KASTIKEAINEKSET, CAMPBELL'S/BLÅ BAND;FI
32177;SALAATINKASTIKE, THOUSAND ISLAND, KEVYT, FELIX, RYPSIÖLJYPOHJAINEN, RASVAA 15 %;FI
32178;SALAATINKASTIKE, RANSKALAINEN, SAARIOINEN, RYPSIÖLJYPOHJAINEN, RASVAA 47 %;FI
32179;SALAATINKASTIKE, KARTANON, KEVYT, SAARIOINEN, RYPSIÖLJYPOHJAINEN, RASVAA 23 %;FI
32182;MUSTIKKA, KUIVATTU, MUSTIKKAJAUHE;FI
32189;VIILI, MAUSTETTU, RASVAA 2 %, D-VITAMIINIA 1 UG;FI
32191;NAKKI, BROILERNAKKI, 15 % RASVAA;FI
32197;NAKKI, KEVYT KALKKUNANAKKI, ATRIA;FI
32198;KOKOLIHALEIKKELE, OHUT BROILERINFILEE, RASVAA 2,2 %;FI
32201;JOGURTTI, TURKKILAINEN/KREIKKALAINEN, RASVAA 10 %;FI
32257;KOKOLIHALEIKKELE, OHUEN OHUT BROILERIN FILEELEIKE, RASVAA 2 %;FI
32301;MARGARIINI 60 %, FLORA NORMAALISUOLAINEN;FI
32308;MARGARIINI 60 %, FLORA LAKTOOSITON;FI
32341;MARGARIINI 60 %, FLORA REILUSTI SUOLATTU;FI
32343;KASVIRASVALEVITE 38 %, BECEL KEVYT;FI
32344;KASVIÖLJYVALMISTE, JUOKSEVA, 82 %, FLORA CULINESSE;FI
32348;KASVIÖLJYVALMISTE, JUOKSEVA, 82 %, BECEL;FI
32350;KASVIRASVALEVITE 38 %, BECEL KEVYT OLIIVI;FI
32354;KASVIÖLJYVALMISTE, JUOKSEVA, 80 %, KEIJU RYPSI;FI
32357;MUNKINPAISTORASVA 100 %, SUNNUNTAI;FI
32360;MARGARIINI 60 %, BENECOL LAKTOOSITON;FI
32367;MUKSU SOIJAJUOMA 1-3 V, LEIKKI-IKÄISELLE;FI
32381;SPAGETTIKASTIKEJAUHE, KASTIKEAINEKSET, KNORR;FI
32385;RAEJUUSTO, RASVAA 1,5 %;FI
32403;DIPPIKASTIKEJAUHE, SISÄLTÄÄ MAITOA, KASTIKEAINEKSET;FI
32404;DIPPIKASTIKEJAUHE, MAIDOTON, KASTIKEAINEKSET;FI
32407;MEETVURSTI, ULTRAKEVYT, RASVAA 9 %;FI
32409;KOKOLIHALEIKKELE, KORPPUKINKKU, RASVAA 3 %;FI
32416;MARJAJUOMA, PROVIVA, KESKIARVO, PROBIOOTTEJA;FI
32417;HEDELMÄJUOMA, MANGO, PROVIVA, PROBIOOTTEJA;FI
32418;KAURAVALMISTE, HAPATETTU, MAUSTETTU, YOSA, KESKIARVO, PROBIOOTTEJA;FI
32431;KASVIÖLJYVALMISTE, JUOKSEVA, 80 %, SUNNUNTAI, RYPSIÖLJY;FI
32449;VÄLIPALAPATUKKA, JOGURTTINEN MYSLIPATUKKA;FI
32450;VÄLIPALAPATUKKA, TÄYSJYVÄVILJAINEN MYSLIPATUKKA;FI
32451;VÄLIPALAPATUKKA, MARJAISA MYSLIPATUKKA;FI
32452;VÄLIPALAPATUKKA, HEDELMÄINEN MYSLIPATUKKA;FI
32455;VERIGREIPPI, KUORITTU;FI
32456;LATVA-ARTISOKKA;FI
32464;PÄHKINÄ, PARAPÄHKINÄ;FI
32480;SALAATINKASTIKE, KARTANON, SAARIOINEN, RYPSIÖLJYPOHJAINEN, RASVAA 39 %;FI
32482;SALAATINKASTIKE, TALON-, FELIX, RYPSIÖLJYPOHJAINEN, RASVAA 20 %;FI
32483;SALAATINKASTIKE, KREIKKALAINEN-, FELIX, RYPSIÖLJYPOHJAINEN, RASVAA 25 %;FI
32485;SALAATINKASTIKE, HUNAJA-SINAPPI, FELIX, RYPSIÖLJYPOHJAINEN, RASVAA 36 %;FI
32502;MAKEINEN, DUMLE, FAZER, MAITOSUKLAALLA KUORRUTETTU TOFFEE;FI
32503;MAKEINEN, MAITOSUKLAARAE, M&M'S/AMERIKAN PASTILLI;FI
32509;SUKLAA, SUKLAAPATUKKA, TWIX, KEKSIÄ JA TOFFEETA;FI
32540;GLÖGIJUOMA, ALKOHOLITON;FI
32553;KASVIÖLJYVALMISTE, JUOKSEVA, 80 %, TUOTEKESKIARVO;FI
32562;KAURAVALMISTE, HAPATETTU, MAUSTAMATON, YOSA NATURELL, PROBIOOTTEJA;FI
32568;RASVASEOSLEVITE 75 %, D-VITAMIINIA 10 UG;FI
32570;NELJÄN VILJAN HIUTALE, RIIHIKOSKEN VEHNÄMYLLY;FI
32598;JOGURTTI, MAUSTAMATON, RASVATON;FI
32600;JOGURTTI, JUOTAVA, DANONINO DINO, RASVAA 1,6 %, D-VITAMIINIA 0,9 UG;FI
32602;RAAKAMAKKARA, GRILLIWURST CHORIZO, SAARIOINEN;FI
32619;ATERIANKORVIKE, SHAKE, VALMISJUOMA, NATURDIET;FI
32622;ATERIANKORVIKE, SMOOTHIE, VALMISJUOMA, NATURDIET;FI
32623;ATERIANKORVIKE, DRINKMIX, JUOMAJAUHE, NATURDIET;FI
32625;ATERIANKORVIKE, SUKLAAPATUKKA, NATURDIET;FI
32626;ATERIANKORVIKE, KARAMELLIPATUKKA, NATURDIET;FI
32628;ATERIANKORVIKE, SMOOTHIE, JUOMAJAUHE, EASY DIET;FI
32630;ATERIANKORVIKE, KEITTOJAUHE, PARSA/KALA/KANA/SIENI, EASY DIET;FI
32632;ATERIANKORVIKE, KEITTOJAUHE, TOMAATTI/TEXMEX/THAI, EASY DIET;FI
32636;ATERIANKORVIKE, SMOOTHIE, JUOMAJAUHE, NUTRIFAST;FI
32638;ATERIANKORVIKE, PIRTELÖ, JUOMAJAUHE, ALLEVO;FI
32640;ATERIANKORVIKE, SMOOTHIE, JUOMAJAUHE, ALLEVO;FI
32642;ATERIANKORVIKE, KEITTOJAUHE, PERUNA/PURJO, ALLEVO;FI
32644;ATERIANKORVIKE, KEITTOJAUHE, PARSAKAALI/BASILIKA/COUSCOUS, ALLEVO;FI
32646;ATERIANKORVIKE, LOW CALORIE JUOMA, ALLEVO;FI
32648;ATERIANKORVIKE, KEITTOJAUHE, NUTRILETT;FI
32650;ATERIANKORVIKE, HUNGER CONTROL, VALMISJUOMA, NUTRILETT;FI
32651;ATERIANKORVIKE, PIRTELÖ, JUOMAJAUHE, NUTRILETT;FI
32653;ATERIANKORVIKE, HOT AND COLD MOCCA, JUOMAJAUHE, NUTRILETT;FI
32656;ATERIANKORVIKE, PATUKKA, TUOTEKESKIARVO;FI
32657;ATERIANKORVIKE, KEITTOJAUHE, TUOTEKESKIARVO;FI
32659;ATERIANKORVIKE, PIRTELÖ, JUOMAJAUHE, TUOTEKESKIARVO;FI
32661;ATERIANKORVIKE, SMOOTHIE, JUOMAJAUHE, TUOTEKESKIARVO;FI
32664;RASVASEOSLEVITE 75 %, OIVARIINI, NORMAALISUOLAINEN, VL;FI
32666;RASVASEOSLEVITE 75 %, OIVARIINI, VOIMAKASSUOLAINEN, VL;FI
32667;ATERIANKORVIKE, PROTEIINIJUOMAJAUHE, GNLD, 49 % PROTEIINIA;FI
32669;RASVASEOS 60 %, OIVARIINI, VÄHÄRASVAISEMPI, VL;FI
32670;RASVASEOSLEVITE 75 %, OIVARIINI, LAKTOOSITON;FI
32672;RASVASEOSLEVITE 82 %, INGMARIINI MERISUOLA, VL;FI
32673;RASVASEOSLEVITE 75 %, INGMARIINI, NORMAALISUOLAINEN, VL;FI
32675;ATERIANKORVIKE, PROTEIINIJUOMAJAUHE, NUTRISHAKE, GNLD, 55 % PROTEIINIA;FI
32676;RASVASEOSLEVITE 57 %, INGMARIINI, VÄHÄRASVAISEMPI, VL;FI
32678;SOIJA-RUUSUNMARJA-PELLAVA-VALMISTE, FEMISOYA;FI
32679;SOIJA-RUUSUNMARJA-PELLAVA-INULIINIVALMISTE, FEMISOYA PLUS;FI
32680;SOIJA-MARJA-PELLAVA-RUIS-JAUHESEOS, BERRYSOYA;FI
32694;JAUHELIHA, SIKA-NAUTA, KEVYT, VÄHÄRASVAINEN, RASVAA 7 %;FI
32695;MAKEINEN, MARIANNE, FAZER, PIPARMINTTUSUKLAAKARAMELLI;FI
32699;MAKEINEN, SUFFELI PUFFI SNACKS, FAZER, ERITTÄIN VÄHÄGLUTEENINEN;FI
32700;VÄLIPALAPATUKKA, SUKLAINEN MYSLIPATUKKA;FI
32701;JÄÄTELÖ, PEHMYTJÄÄTELÖ, EI VOHVELIA;FI
32702;JÄÄTELÖ, SOIJAJÄÄTELÖ, TOFULINE, VANILJA;FI
32703;SUKLAA-PÄHKINÄLEVITE;FI
32704;JAUHELIHA, NAUDANPAISTI, RASVAA 9 %;FI
32705;JÄÄTELÖ, KASVIRASVAJÄÄTELÖ;FI
32708;KERMAVAAHTOSPRAY, TEOLLINEN;FI
32709;MARGARIINI, TALOUSMARGARIINI 80 %, KESKIARVO, LEIVONTAAN JA RUOANLAITTOON;FI
32710;RUOANVALMISTUSKERMA, KASVIRASVAKERMA, RASVAA 4 %, VL;FI
32716;RUOANVALMISTUSKERMA, KASVIRASVAKERMA, RASVAA 5 %, VL;FI
32717;MURO, MAISSIHIUTALE, CORN FLAKES, GLUTEENITON, URTEKRAM, EI LISÄTTYÄ SOKERIA;FI
32721;RUOANVALMISTUSKERMA, KASVIRASVAKERMA, RASVAA 7 %, VL;FI
32722;RAAKAMAKKARA, RYPSIPORSAS KABANOSSI, KESKIARVO, HK;FI
32724;RAAKAMAKKARA, CHORIZO, KOTITEKOINEN;FI
32731;NUUDELI, TÄYSJYVÄVEHNÄ;FI
32733;KINDER YLLÄTYSMUNA;FI
32734;SOIJAJUOMA, ALPRO KALSIUMSOIJAJUOMA, SOKERI, KALSIUMIA, VITAMIINEJA;FI
32737;PIIMÄ, AB-PIIMÄ, RASVAA 2,5 %, D-VIT 1 UG, PROBIOOTTEJA;FI
32739;SIIDERIJUOMA, PEAR, ALKOHOLITON SIIDERI, 0,02 TIL% ALKOHOLIA, RAINBOW;FI
32740;OLUT, ALKOHOLITON OLUT, NIKOLAI, 0,0 TIL% ALKOHOLIA, SINEBRYCHOFF;FI
32744;LUUMUMARMELADI, LUUMUHILLO;FI
32745;ENERGIAJUOMA, VITAMINOITU, OSITTAIN KEINOTEKOISESTI MAKEUTETTU;FI
32746;ENERGIAJUOMA, VITAMINOITU, KEINOTEKOISESTI MAKEUTETTU;FI
32758;SOIJAJUOMA, ALPRO LUOMU;FI
32770;KIVENNÄISVESI, NOVELLE PLUS, SINKKIÄ JA E-VITAMIINIA, FRUKTOOSIA, HARTWALL;FI
32771;KIVENNÄISVESI, NOVELLE PLUS, KALSIUMIA, HARTWALL;FI
32772;KIVENNÄISVESI, NOVELLE PLUS, C-VITAMIINIA JA MAGNESIUMIA, HARTWALL;FI
32773;KIVENNÄISVESI, NOVELLE FRISS, KESKIARVO, FRUKTOOSIA, HARTWALL;FI
32774;KAURAJUOMA, NALLE SUKLAAKAURAJUOMA, LISÄTTY KALSIUMIA JA D-VITAMIINIA;FI
32778;LEIKKELEMAKKARA, LAUANTAIMAKKARA, RASVAA 18 %;FI
32779;LEIKKELEMAKKARA, LAUANTAIMAKKARA, RASVAA 19 %;FI
32783;KAURAJUOMA, RAINBOW, LISÄTTY KALSIUMIA JA VITAMIINEJA;FI
32784;LEIKKELEMAKKARA, LAUANTAIMAKKARA, KEVYT, KESKIARVO, RASVAA 9 %;FI
32786;LEIKKELEMAKKARA, LAUANTAIMAKKARA, RASVAA 17 %;FI
32787;RIISIJUOMA, RICE DREAM SUKLAA, LISÄTTY KALSIUMIA;FI
32790;RIISIJUOMA, RICE DREAM HASSELPÄHKINÄ-MANTELI;FI
32795;GRILLIMAKKARA, ULTRAKEVYT, MAIDOTON, RASVAA 7 %;FI
32796;GRILLIMAKKARA, SOIJAPROTEIINIA, KESKIARVO;FI
32800;JÄÄTELÖ, RIISIJÄÄTELÖ, R-ICE VANILJA-SUKLAATUUTTI, GLUTEENITON, INGMAN;FI
32802;JÄÄTELÖ, RIISIJÄÄTELÖ, R-ICE VANILJA, INGMAN;FI
32804;JÄÄTELÖ, KEVYT, VANILJA-MANSIKKA, INGMAN, KEINOTEKOISESTI MAKEUTETTU;FI
32885;KAURAJUOMA, NORDIC, MAUSTAMATON, LISÄTTY KALSIUMIA JA D-VITAMIINIA;FI
32887;RIISIJUOMA, NORDIC, LISÄTTY KALSIUMIA JA D-VITAMIINIA;FI
32892;HEDELMÄJUOMA, HYVÄÄ PÄIVÄÄ, KARPALO, OSITTAIN KEINOTEKOISESTI MAKEUTETTU;FI
32893;HEDELMÄJUOMA, HYVÄÄ PÄIVÄÄ, SITRUS, OSITTAIN KEINOTEK. MAKEUTETTU, VITAMINOITU;FI
32894;HEDELMÄJUOMA, HYVÄÄ PÄIVÄÄ, FRUKTOOSI, VITAMINOITU;FI
32895;PÄHKINÄ, AUSTRALIANPÄHKINÄ, MACADAMIAPÄHKINÄ;FI
32897;ENERGIAJUOMA, ENERGIAVESI, TEHO, OLVI, VITAMINOITU;FI
32925;JUUSTO, VUOHENJUUSTO, CHÈVRE, RASVAA 30 %;FI
33020;MAUSTEKASTIKE, SWEET CHILI SAUCE, MAKEA CHILIKASTIKE;FI
33021;MAUSTETAHNA, CURRYTAHNA, MIETO, TIKKA MASALA;FI
33022;MAUSTETAHNA, INKIVÄÄRITAHNA;FI
33023;INKIVÄÄRI, JUURAKKO, RAAKA;FI
33024;INKIVÄÄRI, SÄILÖTTY;FI
33038;SHARON, KAKI, PERSIMON;FI
33042;JOGURTTI, MAUSTAMATON, A+, RASVAA 4 %, LAKTOOSITON, D-VIT 1 UG;FI
33047;RUOANVALMISTUSKERMA, KASVIRASVAKERMA, RASVAA 13 %, VL;FI
33048;RUOANVALMISTUSKERMA, KASVIRASVAKERMA, RASVAA 7 %;FI
33049;RUOANVALMISTUSKERMA, KASVIRASVAKERMA, RASVAA 4 %;FI
33060;PAPAIJA, KUIVATTU;FI
33065;MANGO, KUIVATTU;FI
33067;ERIKOISHEDELMÄ, EKSOOTTINEN, KESKIARVO, MANGO/PAPAIJA, KUIVATTU;FI
33070;VIIKUNA, KUIVATTU;FI
33077;ANANAS, KUIVATTU;FI
33091;AVOKADOÖLJY;FI
33095;PÄHKINÄ, PEKAANIPÄHKINÄ;FI
33097;GRILLIMAKKARA, BRATWURSTI;FI
33102;PÄHKINÄ, HUNAJAPAAHDETTU MAAPÄHKINÄ;FI
33103;JOGURTTI, MAUSTETTU, VALIO OLO, RASVAA 2,7 %, EILA, D-VIT 1 UG, PROBIOOTTEJA;FI
33111;MAITO, TÄYSMAITO, RASVAA 3 %, LAKTOOSITON MAITOJUOMA, D-VITAMIINIA 1 UG;FI
33116;JUUSTO, SALAATTIJUUSTO, RASVAA 2-5 %, LEHMÄNMAITO, SUOLALIEMESSÄ;FI
33118;JUUSTO, SALAATTIJUUSTO, RASVAA 6-8 %, LEHMÄNMAITO, SUOLALIEMESSÄ;FI
33119;JUUSTO, SALAATTIJUUSTO, RASVAA 9-11 %, LEHMÄNMAITO, SUOLALIEMESSÄ;FI
33120;JUUSTO, SALAATTIJUUSTO, RASVAA 22 %, LEHMÄNMAITO, ÖLJYSSÄ;FI
33121;HAMPUNSIEMEN, KOKONAINEN;FI
33122;SOIJAJUOMA, ALPRO MAUSTAMATON, KALSIUMIA JA VITAMIINEJA;FI
33124;SOIJAJUOMA, RAINBOW, KALSIUMIA JA VITAMIINEJA;FI
33125;SOIJAJUOMA, PIRKKA LUOMU MAUSTAMATON;FI
33128;PÄHKINÄ, CHILIPÄHKINÄ;FI
33129;JOGURTTI, LOHKEAVA LUONNONJOGURTTI, RASVAA 5,5 %, LAKTOOSITON;FI
33130;PÄHKINÄ, CASHEWPÄHKINÄ, SUOLATTU;FI
33131;PÄHKINÄ, PISTAASIPÄHKINÄ, SUOLATTU;FI
33132;SOIJAJUOMA, GOGREEN MAUSTAMATON, KALSIUMIA;FI
33133;SOIJAJUOMA, GOGREEN ORIGINAL, KALSIUMIA;FI
33134;SOIJAJUOMA, PIRKKA LUOMU SUKLAANMAKUINEN;FI
33135;SOIJAJUOMA, RAINBOW LUOMU;FI
33136;SOIJAJUOMA, NORDIC, KALSIUMIA JA D-VITAMIINIA;FI
33137;SOIJAJUOMA, ALPRO KEVYT SUKLAAJUOMA, KALSIUMIA JA VITAMIINEJA;FI
33138;SOIJAJUOMA, ALPRO SUKLAA, KALSIUMIA JA VITAMIINEJA;FI
33139;SOIJAJUOMA, SOYWELL SOYA DRINK, LIDL, KALSIUMIA JA VITAMIINEJA;FI
33142;JOGURTTI, MAUSTETTU, RASVATON, LAKTOOSITON, D-VIT 1 UG;FI
33147;RAHKA, MAUSTETTU, DANONINO, RASVAA 2,9 %, D-VITAMIINIA 1,25 UG;FI
33150;JOGURTTI, MAUSTETTU, LOHKEAVA, RASVAA 4,6 %, LAKTOOSITON;FI
33151;MERISUOLA, JODIOIMATON;FI
33154;KALA, TUORESUOLATTU;FI
33158;VÄLIPALAPATUKKA, SUKLAA-MUROPATUKKA, KELLOGG´S SPECIAL K CHOCOLATE, TÄYDENNETTY;FI
33159;VÄLIPALAPATUKKA, MUROPATUKKA, KELLOGG´S RICE KRISPIES CEREAL & MILK, TÄYDENNETTY;FI
33160;KAURAJUOMA, ELOVENA VÄLIPALAJUOMA AURINKOINEN, 2,9 % RASVAA;FI
33161;KAURAJUOMA, ELOVENA VÄLIPALAJUOMA METSÄMARJA, 0,5 % RASVAA;FI
33162;JOGURTTI, MAUSTAMATON, RASVAA 2,5 %;FI
33163;KAURAJUOMA, ELOVENA VÄLIPALAJUOMA HEDELMÄINEN, 0,5 % RASVAA;FI
33164;MAITO, TÄYSMAITO, VL, EI LISÄTTY D-VITAMIINIA;FI
33168;JUUSTO, POLAR 10 % RASVAA, VALIO;FI
33169;KAURAJUOMA, NALLE VANILJAKAURAJUOMA, LISÄTTY KALSIUMIA JA D-VITAMIINIA;FI
33170;PANGASIUS, HAIMONNI, FILEE, TUONTIKALA;FI
33171;HOKI, HOKIKALA, TUONTIKALA;FI
33174;JAUHELIHA, SIKA-NAUTA, KEVYT, VÄHÄRASVAINEN, RASVAA 10 %;FI
33179;RAHKA, MAITORAHKA, MAUSTAMATON, RASVAA 0,3 %, LAKTOOSITON;FI
33189;RAHKA, MAUSTETTU, RASVAA 7 %, MAKEA, LAKTOOSITON;FI
33198;JOGURTTI, MAUSTETTU, RASVATON, KEINOTEKOISESTI MAKEUTETTU;FI
33200;VIILI, MAUSTETTU, RASVAA 1 %, LAKTOOSITON;FI
33201;VIILI, MAUSTAMATON, RASVAA 1 %, LAKTOOSITON;FI
33211;TILAPIA, TUONTIKALA;FI
33251;TILAPIA, UUNISSA;FI
33265;PÄHKINÄ, CASHEWPÄHKINÄ, SUKLAAKUORRUTUS;FI
33266;PÄHKINÄ, CASHEWPÄHKINÄ, JOGURTTIKUORRUTUS;FI
33267;BANAANILASTU, KUIVATTU BANAANI, JOGURTTIKUORRUTUS;FI
33268;ANANAS, KUIVATTU, JOGURTTIKUORRUTUS;FI
33269;OMENALASTU;FI
33272;VÄLIPALAPATUKKA, SUKLAA-MUROPATUKKA, KELLOGG´S COCO POPS ROCKS, TÄYDENNETTY;FI
33280;JOGURTTI, MAUSTETTU, RASVAA 2 %, LAKTOOSITON, D-VIT 1 UG;FI
33284;JOGURTTI, MAUSTAMATON, RASVATON, LAKTOOSITON, D-VIT 1 UG;FI
33298;JOGURTTI, MARJAMYSLI, A+, RASVAA 3,5 %, LAKTOOSITON, D-VIT 0,9 UG;FI
33304;URHEILUJUOMATIIVISTE, HIILIHYDRAATTIJUOMA, DEXAL HEAVY, LAIMENNETTU;FI
33305;URHEILUJUOMATIIVISTE, HIILIHYDRAATTIJUOMA, DEXAL LIGHT, LAIMENNETTU;FI
33317;URHEILUJUOMATIIVISTE, HIILIHYDRAATTIJUOMA, DEXAL LIGHT;FI
33319;TUONTIKALA, VAALEA, PANGASIUS/TILAPIA/HOKI, KESKIARVO;FI
33320;TUONTIKALA, VAALEA, PANGASIUS/TILAPIA/HOKI, KESKIARVO, KEITETTY, EI SUOLAA;FI
33323;URHEILUJUOMATIIVISTE, HIILIHYDRAATTIJUOMA, DEXAL HEAVY;FI
33334;URHEILUJUOMA, PROTEIINIJUOMA, PRO FX ZERO CARB;FI
33338;URHEILUJUOMA, HIILIHYDRAATTIJUOMA, LEADER CARBO ENERGY;FI
33339;BROILERIFILEE, HUNAJAMARINADI, RAAKA;FI
33342;RAHKA, MAUSTETTU, RASVAA 4,5 %, VALIO RAHKAVAAHTO, LAKTOOSITON;FI
33343;URHEILUJUOMA, PROTEIINIJUOMA, LEADER PROTEIN 40;FI
33357;KAHVI, MURUKAHVI, PIKAKAHVI, VALMISTAMATON;FI
33360;URHEILUJUOMA, PROTEIINI-HIILIHYDRAATTIJUOMA, PRO FX RECOVERY;FI
33367;URHEILUJUOMA, PROTEIINI-HIILIHYDRAATTIJUOMA, LEADER RECOVERY;FI
33372;URHEILUJUOMA, PROTEIINI-HIILIHYDRAATTIJUOMA, TUOTEKESKIARVO;FI
33375;URHEILUJUOMA, HIILIHYDRAATTIJUOMA, TUOTEKESKIARVO;FI
33376;URHEILUJUOMA, PROTEIINIJUOMA, TUOTEKESKIARVO;FI
33382;LOHI, LÄMMINSAVUSTETTU;FI
33395;PERUNASOSEJAUHE, VALMISTAMATON, RAINBOW;FI
33396;PERUNASOSEJAUHE, VALMISTAMATON, PIRKKA/FELIX;FI
33397;PERUNASOSEJAUHE, VALMISTAMATON, ELDORADO;FI
33403;ATERIANKORVIKE, PROTEIINIPATUKKA, 54 % PROTEIINIA, MAXIM;FI
33404;RAHKA, MAUSTETTU, DANIO, RASVAA 3 %;FI
33405;RAHKA, MAUSTETTU, DANIO STRACCIATELLA, RASVAA 4,4 %;FI
33408;SIIKA, LÄMMINSAVUSTETTU;FI
33409;KIRJOLOHIFILEE, KYLMÄSAVUSTETTU;FI
33410;JOGURTTI, MAUSTETTU, RASVAA 2 %;FI
33414;KIRJOLOHIFILEE, LÄMMINSAVUSTETTU;FI
33415;KALA, LÄMMINSAVUSTETTU, KESKIARVO;FI
33419;KIRJOLOHIFILEE;FI
33420;LOHIFILEE, KYLMÄSAVUSTETTU;FI
33424;MAKRILLI, SAVUSTETTU;FI
33428;KAHVI, KAHVIJUOMA, MURUKAHVI, PIKAKAHVI, KEITETTY;FI
33432;MAKEINEN, VOHVELIA JA SUKLAATA, SUFFELI, FAZER;FI
33433;BASILIKA, KUIVATTU;FI
33436;RUUSUNMARJA, KUIVATTU, RUUSUNMARJAJAUHE;FI
33438;KAHVI, CAFFE LATTE, MAKEUTTAMATON, RASVATON MAITO;FI
33439;KAHVI, CAFFE LATTE, MAKEUTTAMATON, KEVYTMAITO;FI
33441;KAHVI, CAPPUCCINO, MAKEUTTAMATON, KEVYTMAITO;FI
33442;KAHVI, CAFFE LATTE, MAKEUTTAMATON, SOIJAJUOMA;FI
33447;MAKEINEN, VAAHTOKARKKI, VAAHTOKARAMELLI;FI
33449;JUUSTO, TUOTEKESKIARVO;FI
33456;PINAATTI;FI
33465;JUUSTO, HALLOUMIJUUSTO, VUOHENMAITO, RASVAA 22 %;FI
33466;MAITO, KESKIARVO, D-VITAMIINIA 1 UG;FI
33487;KASVIRASVALEVITE 70 %, KEIJU LAKTOOSITON, CATERING, D-VIT 20 UG;FI
33488;MARGARIINI 40 %, KEIJU KEVYT LAKTOOSITON, CATERING, D-VIT 20 UG;FI
33489;MARGARIINI 60 %, KEIJU NORMAALISUOLAINEN, CATERING, D-VIT 20 UG;FI
33494;PAPRIKA, PUNAINEN, SÄILYKE;FI
33496;KASVIRASVALEVITE 70 %, BECEL GOLD, D-VIT 20 UG;FI
33499;SOIJAROUHE, VAALEA TAI TUMMA;FI
33501;TOFU, PEHMEÄ, SOIJAVALMISTE;FI
33502;NAKKI, SOIJANAKKI;FI
33519;MAKEUTUSAINE, STEVIA, CANDEREL GREEN -JAUHE;FI
33520;MAKEUTUSAINE, STEVIA, CANDEREL GREEN -PURISTE;FI
33521;MAKEUTUSAINE, STEVIA, CANDEREL GREEN -STICK;FI
33525;RASVAJAUHE, ELINTARVIKETEOLLISUUDEN RAAKA-AINE;FI
33542;SUKLAA, TUMMA, 80 %;FI
33549;KANANMUNAJAUHE, ELINTARVIKETEOLLISUUDEN RAAKA-AINE;FI
33550;VALKUAISJAUHE, ELINTARVIKETEOLLISUUDEN RAAKA-AINE;FI
33551;KELTUAISJAUHE, ELINTARVIKETEOLLISUUDEN RAAKA-AINE;FI
33553;MAUSTEKASTIKE, HAPANIMELÄ, DIPPIKASTIKE;FI
33554;JUUSTO, POLAR TÄYTELÄINEN, 28 % RASVAA, VALIO;FI
33555;JUUSTO, POLAR 5 % RASVAA, VALIO;FI
33556;JUUSTO, POLAR 15 % RASVAA, VALIO;FI
33559;MANSIKKAHILLO, TEOLLINEN, SOKERIA 46 %;FI
33568;PÄHKINÄ-HEDELMÄ-SEKOITUS;FI
33569;PÄHKINÄSEKOITUS, SUOLATON;FI
33579;PÄHKINÄSEKOITUS, SUOLATTU;FI
33586;JÄÄTELÖ, SNICKERS;FI
33587;KALA, PAINOTETTU KESKIARVO;FI
33596;KAURAJUOMA, MAUSTAMATON, TUOTEKESKIARVO;FI
33597;SOIJAJUOMA, MAUSTAMATON, TUOTEKESKIARVO;FI
33600;RIISIJUOMA, MAUSTAMATON, TUOTEKESKIARVO;FI
33601;PERUNASOSEJAUHE, VALMISTAMATON, TUOTEKESKIARVO;FI
33629;RAHKA, JÄLKIRUOKA/VÄLIPALA, TEOLLINEN, TUOTEKESKIARVO;FI
33631;JAUHO, JAUHOSEOS, GLUTEENITON, TUOTEKESKIARVO;FI
33632;PASTA, GLUTEENITON, TUOTEKESKIARVO;FI
33638;KASTIKEJAUHE, KASTIKEAINEKSET, TEOLLINEN, TUOTEKESKIARVO;FI
33671;PROFEEL PROTEIINIJUOMA, VALIO, D-VITAMIINIA 1 UG;FI
33675;PIIMÄ, KEVYTPIIMÄ, 1% RASVAA, VL, D-VIT 1UG;FI
33678;PIIMÄ, AB-PIIMÄ, RASVAA 2 %, D-VIT 1 UG, PROBIOOTTEJA;FI
33679;PIIMÄ, AB-PIIMÄ, RASVAA 1,5 %, D-VIT 1 UG, PROBIOOTTEJA;FI
33690;JOGURTTI, MAUSTETTU, JUGUPALA, RASVAA 2,6 %, VL, -30% SOKERIA;FI
33696;JOGURTTI, AB-KERROSLUONNONJOGURTTI, RASVAA 3,3 %, PROBIOOTTEJA;FI
33697;JOGURTTI, MAUSTAMATON, AB, RASVAA 2,5 %, PROBIOOTTEJA;FI
33698;JOGURTTI, MAUSTAMATON, AB, RASVATON, PROBIOOTTEJA;FI
33703;JOGURTTI, JUOTAVA, JOGURTTIJUOMA, RASVAA 0,9%, PROBIOOTTEJA;FI
33714;JOGURTTI, MAUSTETTU, A+, RASVAA 3,2 %, LAKTOOSITON, D-VIT 1 UG;FI
33725;JOGURTTI, MAUSTETTU, REDUCOL, RASVAA 2 %, VL, KASVISTEROLI JA -STANOLI, PROB.;FI
33726;KASVIRASVALEVITE 70 %, TEOLLINEN TUOTEKESKIARVO;FI
33727;JOGURTTI, MAUSTAMATON, REDUCOL, RASVAA 2,5%, VL, KASVISTEROLI JA -STANOLI, PROB.;FI
33728;VIILI, MAUSTAMATON, RASVAA 1,5 %, LAKTOOSITON;FI
33739;MAITO, TÄYSMAITO, RASVAA 4,4 %, EI LISÄTTY D-VITAMIINIA, HOMOGENOIMATON;FI
33757;TÄYSMEHU, APPELSIINITÄYSMEHU, C-VITAMIINIA 60 MG;FI
33758;KOKOLIHALEIKKELE, KINKKULEIKKELE, VÄHÄRASVAINEN, RASVAA 2 %;FI
33760;JOGURTTI, MAUSTETTU, A+ VILJA, RASVAA 2 %, LAKTOOSITON, D-VIT 1 UG;FI
33790;MAITO, KEVYTMAITO, LAKTOOSITON MAITOJUOMA, VALIO EILA, D-VITAMIINIA 2 UG;FI
33791;MAITO, RASVATON, LAKTOOSITON MAITOJUOMA, VALIO EILA, D-VITAMIINIA 2 UG;FI
33792;MAITO, TÄYSMAITO, RASVAA 3 %, LAKTOOSITON MAITOJUOMA, EILA, D-VITAMIINIA 2 UG;FI
33845;MEETVURSTI TAI SALAMI, KEVYT RASVAA, 22 %;FI
33852;PIIMÄ, RASVATON, VALIO EILA LAKTOOSITON, D-VIT 2 UG;FI
33872;ÄIDINMAITO, RINTAMAITO;FI
33882;MARGARIINI 80 %, FLORA KULTA;FI
33884;MEHU, GEFILUS ANANAS-PORKKANA + KALSIUM, C- JA D-VIT, PROB, 09/12 ALKAEN;FI
33885;RAHKA, MAUSTETTU, PROFEEL PROTEIINIRAHKA, LAKTOOSITON;FI
33889;SUKLAA, PÄHKINÄSUKLAA, MAITOSUKLAATA JA HASSELPÄHKINÄÄ;FI
33899;MAIZENA PIKASUURUSTE;FI
33900;KAURAJUOMA, OATLY SUKLAA, LISÄTTY KALSIUMIA JA VITAMIINEJA, ALKAEN 09/12;FI
33901;KAURAJUOMA, OATLY, LISÄTTY KALSIUMIA JA VITAMIINEJA, ALKAEN 09/12;FI
33907;MEHU, HERAJUOMA, GEFILUS, VL, VITAMIINEJA, PROBIOOTTEJA, 09/12 ALKAEN;FI
33908;MEHU, GEFILUS APPELSIINI-PERSIKKA + KUITU, C- JA D-VITAMIINEJA, PROB, ALK 09/12;FI
33909;MEHU, GEFILUS, C- JA D-VITAMIINEJA, PROBIOOTTEJA;FI
33910;JOGURTTI, JUOTAVA, ACTIMEL, RASVAA 1,5 %, D-VIT 0,75 UG, PROB;FI
33911;JOGURTTI, JUOTAVA, ACTIMEL, RASVATON, KEINOT.MAK, D-VIT 0,75 UG, PROB;FI
33924;KERMA, VALIO VAAHTOUTUVA MANSIKKA-/SUKLAAKERMA, LAKTOOSITON;FI
33925;QUORN, FILEET, KUUTIOT, ROUHE;FI
33927;KOKOLIHALEIKKELE, KALKKUNALEIKKELE;FI
33928;OMENASOSE, SOKEROITU;FI
34079;NALLE KUITUPUUROSEOS, HIUTALE;FI
34110;MAIZENA SUURUSTE RUSKEA/VAALEA;FI
34127;MAITO, KEVYTMAITO, VALIO PLUS, D-VITAMIINIA 2 UG;FI
34136;MERILEVÄ, NORI, KUIVATTU;FI
34137;MERILEVÄ, WAKAME, KUIVATTU;FI
34140;KOOKOSÖLJY;FI
34159;RUKOLA, RUCOLA, SINAPPIKAALI;FI
34180;BROILERI, KOIPI NAHKOINEEN, RAAKA;FI
34183;NAUDANLIHA E-LAJITELMA, NAUDAN KASTIKELIHA, RAAKA;FI
34184;RYPSIPORSAS, LIHASUIKALE;FI
34185;VILJAPORSAS, LIHASUIKALE;FI
34187;NAUDANFILEE, SISÄFILEE;FI
34188;PORSAANFILEE, ULKOFILEE;FI
34189;SIANLIHA, 0-LAJITELMA, SIAN KASTIKELIHA, RAAKA;FI
34190;KASSLERPIHVI/-PAISTI, RAAKA;FI
34201;NAUDANLIHA, VÄHÄRASVAINEN, KESKIARVO;FI
34228;PINAATTI, PAKASTE;FI
34229;HERNE, VIHREÄ, PAKASTE;FI
34230;VILLIRUCOLA, PIKKUHIETASINAPPI;FI
34231;JÄÄSALAATTI;FI
34232;PUNASALAATTI, PUNASIKURI;FI
34233;ROOMANSALAATTI, SIDESALAATTI;FI
34234;SIPULI, PUNASIPULI;FI
34235;VALKORETIKKA;FI
34236;HERNEENVERSO;FI
34237;VUONANKAALI;FI
34238;KORIANTERI, TUORE;FI
34239;HAAPAROUSKU;FI
34240;SUPPILOVAHVERO;FI
34241;KARVAROUSKU;FI
34242;JAUHO, LEIVONTAVEHNÄJAUHO V600;FI
34243;PAPU, HÄRKÄPAPU, TUORE;FI
34244;HERNE, SOKERIHERNE, TUORE;FI
34245;SEESAMINSIEMEN, VALKOINEN, KOKONAINEN, KUORITTU;FI
34246;JAUHO, TÄYSJYVÄRUISJAUHO R800;FI
34247;JAUHO, TÄYSJYVÄRUISJAUHO R1000;FI
34248;JAUHO, TÄYSJYVÄOHRAJAUHO;FI
34249;JAUHO, ERIKOISVEHNÄJAUHO, VÄHITTÄISKAUPPA;FI
34252;SIIKA, KASVATETTU;FI
34253;SILLI, SÄILYKE, KIRKASLIEMINEN;FI
34254;MERILEVÄ, KOMBU, KUIVATTU;FI
34255;LOHI, FILEE, KASVATETTU;FI
34256;KIRJOLOHI, FILEE, KASVATETTU;FI
34261;JOGURTTI, MAUSTETTU, JUGUPALA, RASVAA 2,7 %;FI
34265;JOGURTTI, MAUSTETTU, RASVAA 2 %, VL, -30% SOKERIA, D-VIT 1 UG;FI
34276;MEHU, MEHUJUOMA, 40 % VÄHEMMÄN SOKERIA, STEVIALLA MAKEUTETTU, VALIO GRANDI;FI
34361;MANGO, KUORITTU;FI
34380;PAPU, VALKOINEN, KUIVATTU;FI
34585;SKYR, MAUSTAMATON, RASVAA <0,5 %;FI
34586;SKYR, MAKEUTETTU SOKERILLA, RASVAA <0,5 %;FI
34587;SKYR, KEINOTEKOISESTI MAKEUTETTU, RASVAA <0,5 %;FI
34588;SKYR, KEINOTEKOISESTI MAKEUTETTU, RASVAA 2 %;FI
34589;SKYR, MAKEUTETTU SOKERILLA JA STEVIALLA, RASVAA <0,5 %;FI
34590;RAHKA, RAHKAJOGURTTI, MAUSTAMATON, RASVAA 0,9 %;FI
34591;RAHKA, MAUSTAMATON, KERMARAHKA, RASVAA 10 %;FI
34592;RAHKA, MAITORAHKA, MAUSTAMATON, RASVAA 2,3 %, VL;FI
34593;SKYR, MAUSTAMATON, RASVAA 4 %;FI
34594;RAHKA, MAUSTETTU, RASVAA 8,8 %, MINTTU-SUKLAA, VALIO, LAKTOOSITON;FI
34595;RAHKA, MAUSTETTU, RASVAA 7 %, VL;FI
34596;RAHKA, MAUSTETTU, PROFEEL PROTEIINIKERROSRAHKA, LAKTOOSITON;FI
34597;RAHKA, MAUSTETTU, PROFEEL PROTEIINIRAHKA, KEINOTEK. MAKEUTETTU, LAKTOOSITON;FI
34600;RAHKA, MAUSTETTU, RASVAA 4,5 %;FI
34601;RAHKA, MAUSTETTU, ARLA PROTEIN PROTEIINIRAHKA, LAKTOOSITON;FI
34602;RAHKA, MAITORAHKA, MAUSTAMATON, RASVAA 0,3 %, PROTEIINIA 12 %, LAKTOOSITON;FI
34606;JOGURTTI, JUOTAVA, RASVAA 1,7 %, VALIO PLAY, LAKTOOSITON, D-VIT 1,5 UG;FI
34611;JOGURTTI, MAUSTAMATON, KREIKKALAINEN, RASVAA 7 %, LAKTOOSITON;FI
34612;VÄLIPALAJUOMA, GEFILUS TEHOSHOT, RASVATON, LAKTOOSITON, D-VIT. 1,5 UG, PROB.;FI
34613;JOGURTTI, JUOTAVA, GEFILUS SMOOTHIE, RASVAA 1,4 %, LAKTOOSITON, D-VIT. 1,5 UG;FI
34614;VÄLIPALAJUOMA, GEFILUS KEFIR, RASVAA 2 %, LAKTOOSITON, D-VIT 1 UG, PROBIOOTTEJA;FI
34615;VÄLIPALAJUOMA, GEFILUS KEFIR, MAUSTAMATON, RASVAA 2,5 %, EILA, D-VIT 1UG , PROB.;FI
34616;JOGURTTI, MAUSTETTU, RASVAA 2,7%, GEFILUS KEFIR, LAKTOOSITON, D-VIT 1 UG, PROB.;FI
34618;JOGURTTI, JUOTAVA, RASVAA 2 %, VALIO KREIKKALAINEN, LAKTOOSITON, D-VIT 1 UG;FI
34619;JOGURTTI, MAUSTETTU, VALIO KREIKKALAINEN, RASVAA 4,7 %, LAKTOOSITON;FI
34620;JOGURTTI, MAUSTETTU, VALIO KREIKKALAINEN, RASVAA 6 %, LAKTOOSITON;FI
34621;JOGURTTI, MAUSTETTU, RASVAA 3,3%, VALIO HEDELMÄINEN, LAKTOOSITON;FI
34625;JOGURTTI, MAUSTETTU, RASVAA 2 %, -30% SOKERIA, LUOMU, LAKTOOSITON;FI
34626;JOGURTTI, MAUSTETTU, RASVAA 2 %, -50% SOKERIA, LUOMU, LAKTOOSITON;FI
34630;JOGURTTI, MAUSTAMATON, A+, RASVAA 2,5 %, LAKTOOSITON, D-VIT 1 UG;FI
34631;JOGURTTI, MAUSTETTU, A+ LISÄAINEETON JOGURTTI, RASVAA 3 %, LAKTOOSITON;FI
34634;JOGURTTI, MAUSTAMATON, A+ KREIKKALAINEN, RASVAA 2 %, LAKTOOSITON, D-VIT 0,8 UG;FI
34635;JOGURTTI, TURKKILAINEN/KREIKKALAINEN, RASVAA 10 %, LAKTOOSITON;FI
34636;JOGURTTI, MAUSTAMATON, RASVAA 2,5 %, LUOMU, LAKTOOSITON;FI
34637;JOGURTTI, IHANA RAHKAISA JOGURTTI, ARLA, RASVAA 1,4%, 0,4 UG D-VIT., LAKTOOSITON;FI
34638;JOGURTTI, MAUSTAMATON, LUOMU, RASVAA 3 %;FI
34639;JOGURTTI, MAUSTETTU, RASVAA 2%, ARLA LUONTO+ HUNAJA, D-VIT 1UG, PROB, LAKTOOSIT.;FI
34640;JOGURTTI, MAUSTETTU, RASVAA 2 %, ARLA LUONTO+, D-VIT 1 UG, AB, LAKTOOSITON;FI
34641;JOGURTTI, MAUSTETTU, RASVAA 1,9%, ARLA LUONTO+, 0,8UG D-VIT., PROB., LAKTOOSITON;FI
34644;JOGURTTI, MAUSTETTU, LUONTO+, RASVATON, D-VIT 1 UG, AB, LAKTOOSITON;FI
34646;JOGURTTI, MAUSTETTU, ARLA PROTEIN, RASVAA 1 %, LAKTOOSITON;FI
34648;JOGURTTI, MAUSTETTU, ARLA PROTEIN JOGURTTIKOMBO, RASVAA N. 4 %, LAKTOOSITON;FI
34649;RAHKA, MAUSTETTU, RASVATON, KEINOTEKOISESTI MAKEUTETTU, LAKTOOSITON;FI
34650;JOGURTTI, JUOTAVA, RASVATON, KEINOTEKOISESTI MAKEUTETTU;FI
34651;KANANMUNA, KUORETON, LUOMU;FI
34652;JOGURTTI, MAUSTETTU, ACTIVIA KEVYT, RASVATON, OSITTAIN KEINOT. MAKEUTETTU, PROB.;FI
34653;JOGURTTI, JUOTAVA, DANUP DRINK, RASVAA 0,8%;FI
34654;RAHKA, MAUSTETTU, RASVAA 4 %;FI
34655;RAHKA, MAUSTETTU, RASVATON, PROTEIINIRAHKA, VL;FI
34656;JOGURTTI, MAUSTAMATON, RASVAA 4 %, LAKTOOSITON, PROBIOOTTEJA;FI
34657;JOGURTTI, MAUSTETTU, RASVAA 2 %, LAKTOOSITON;FI
34658;JOGURTTI, MAUSTETTU, RASVAA 3,5 %, PROBIOOTTEJA;FI
34659;JOGURTTI, MAUSTETTU, RASVAA 2 %, AB, VL;FI
34668;SIEMENSEKOITUS;FI
34679;JOGURTTI, MAUSTETTU, RASVATON, VL, D-VIT 1 UG;FI
34680;PASSIONHEDELMÄ;FI
34688;KOOKOSVESI, MAKEUTTAMATON;FI
34694;PAPAIJA, KUORITTU;FI
34713;MAKARONI, TÄYSJYVÄ;FI
34716;MAITO, TÄYSMAITO, RASVAA 3 %, LAKTOOSITON MAITOJUOMA, EI LISÄTTY D-VITAMIINIA;FI
34738;MANTELIJUOMA, MAKEUTTAMATON, ALPRO;FI
34743;PAPU, HÄRKÄPAPU, KUIVATTU, HÄRKÄPAPUROUHE;FI
34752;TUOREJUUSTO, MASCARPONE, RASVAA 38 %;FI
34762;TUOREJUUSTO, RASVAA 15 %, MAUSTAMATON, LAKTOOSITON;FI
34764;TUOREJUUSTO, RASVAA 25 %, MAUSTAMATON, LAKTOOSITON;FI
34765;TUOREJUUSTO, RASVAA 20 %, MAUSTAMATON;FI
34786;JOGURTTI, JUOTAVA, BENECOL TEHOJUOMA AURINKOINEN, RASVAA 2,1 %, KASVISTANOLEJA;FI
34790;JOGURTTI, JUOTAVA, BENECOL TEHOJUOMA, RASVAA 2,1 %, KASVISTANOLEJA;FI
34794;SOIJAVÄLIPALA, JUOTAVA, BENECOL TEHOJUOMA, RASVAA 2,9 %, KASVISTANOLIA;FI
34797;MAKEINEN, SALMIAKKIPASTILLI, SOKERITON;FI
34802;MAKEUTUSAINE, HERMESETAS GOLD, SAKARIINIA, ASPARTAAMIA JA SYKLAMAATTIA;FI
34805;MAKEUTUSAINE, HERMESETAS LIQUID, SAKARIINI JA SYKLAMAATTI, NESTEMÄINEN;FI
34831;SUKLAAKONVEHTI, SUKLAATÄYTE;FI
34835;TÄYSMEHU, PUOLUKKATÄYSMEHU;FI
34839;SOIJAJUOMA, ALPRO SOYA VANILLA, KALSIUMIA JA VITAMIINEJA;FI
34841;JUUSTO, POLAR 15 % RASVAA, VÄHEMMÄN SUOLAA, VALIO;FI
34844;MANTELIJUOMA, MAKEUTETTU, ALPRO;FI
34845;KOOKOSJUOMA, KOOKOSPÄHKINÄJUOMA, VITAMINOITU, ALPRO;FI
34846;HASSELPÄHKINÄJUOMA, VITAMINOITU, ALPRO;FI
34847;CHIANSIEMEN;FI
34848;KILOHAILI, TUORE;FI
34862;MAITO, RASVATON, VALIO PROFEEL VOIMAMAITOJUOMA, D-VITAMIINIA 1 UG, LAKTOOSITON;FI
34872;PÄHKINÄSEKOITUS, SUOLATON, PAAHDETTU;FI
34876;KAURAJUOMA, OATLY IKAFFE, LISÄTTY KALSIUMIA JA VITAMIINEJA;FI
34893;HÄRKIS, HÄRKÄPAPUVALMISTE;FI
34902;MIFU, PAISTETTAVA RUOKARAE, LAKTOOSITON;FI
34905;RIISI-OHRASEOS;FI
34907;RIISI-RUISSEOS;FI
34909;NYHTÖKAURA, MAUSTAMATON, NUDE;FI
34914;RASVASEOS 60 %, BENECOL VOI & RYPSI;FI
34918;RASVASEOSLEVITE 70 %, BECEL VOI & KASVIÖLJYT;FI
34924;RASVASEOSLEVITE 70 %, FLORA & VOI NORMAALISUOLAINEN;FI
34927;KASVIRASVALEVITE 39 %, LÄTTA ORIGINAL;FI
34932;RASVASEOSLEVITE 70 %, CREME BONJOUR VOI & RYPSIÖLJY, NORMAALISUOLAINEN;FI
34942;KASVIRASVALEVITE 75 %, KEIJU RYPSI;FI
34944;KASVIRASVALEVITE 55 %, KEIJU RYPSI;FI
34948;MARGARIINI 60 %, KEIJU ALENTAJA;FI
34964;RASVASEOSLEVITE 75 %, INGMARIINI, NORMAALISUOLAINEN, LAKTOOSITON;FI
34966;RASVASEOSLEVITE 72 %, OIVARIINI, PEHMEÄSTI LEVITTYVÄ, VL;FI
34971;KAURAKUITUNEN, KAURAROUHE;FI
34972;OLIIVI, KESKIARVO, KIVETÖN, SUOLALIEMESSÄ, VIHREÄ;FI
34974;SOIJAVÄLIPALA, ALPRO GO ON, HAPATETTU, MAUSTAMATON, RASVAA 3,6 %;FI
34975;SOIJAVÄLIPALA, ALPRO GO ON, HAPATETTU, MAUSTETTU, RASVAA 2,9 %;FI
34980;JUUSTO, POLAR, 20 % RASVAA, VALIO;FI
34983;HERAPROTEIINIKONSENTRAATTI;FI
34984;KAAKAOJUOMA, VALIO PLAY MAITOKAAKAOJUOMA, LAKTOOSITON;FI
34985;KAHVIJUOMA, KYLMÄ, MAITOKAHVIJUOMA, D-VITAMIINIA, LAKTOOSITON;FI
34986;KAHVIJUOMA, KYLMÄ, MAITOKAHVIJUOMA, RASVAA 1,8 %, LAKTOOSITON;FI
34988;KIVENNÄISVESI, MEHU-KIVENNÄISVESI;FI
34989;VITAMIINIVESI, VITAMIN WELL, FRUKTOOSIA;FI
34990;ATERIANKORVIKE, HERAPROTEIINIJAUHE, 74 % PROTEIINIA;FI
34991;ATERIANKORVIKE, HERAPROTEIINIJAUHE, 85 % PROTEIINIA;FI
34992;ATERIANKORVIKE, PROTEIINIPATUKKA, KESKIARVO, N. 20 % PROTEIINIA;FI
34996;ATERIANKORVIKE, SOIJAPROTEIINIJAUHE, N. 80 % PROTEIINIA;FI
34997;ATERIANKORVIKE, HERAPROTEIINIJAUHE, N. 90 % PROTEIINIA;FI
34998;PROFEEL PROTEIINIJUOMA, SOKEROIMATON, VALIO, D-VITAMIINIA 1 UG;FI
34999;URHEILUJUOMA, PALAUTUSJUOMA, GAINOMAX;FI
35000;URHEILUJUOMA, PROTEIINIJUOMA, PROTEIN SHAKE, FAST;FI
35001;VOI, LAKTOOSITON, VÄHÄSUOLAINEN;FI
35002;URHEILUJUOMA, PROTEIINIJUOMA, PROTEIN SMOOTHIE, FAST;FI
35003;ATERIANKORVIKE, HERAPROTEIINIVÄLIPALAJAUHE, PROFEEL, 44 % PROTEIINIA;FI
35004;URHEILUJUOMA, PROTEIINIJUOMA, RASVAA 1,6 %;FI
35005;VÄLIPALAPATUKKA, RAAKAPATUKKA, BARE BAR, VILJATON;FI
35006;KASVIÖLJYVALMISTE, JUOKSEVA, 70 %, KESKIARVO;FI
35007;ATERIANKORVIKE, PROTEIINIPATUKKA, 30 % PROTEIINIA, KUITUA, SOFT BAR;FI
35008;MARGARIINI 60 %, RAINBOW/PIRKKA/X-TRA, LAKTOOSITON;FI
35009;MARGARIINI 60 %, PIRKKA, SUOLAINEN;FI
35011;ATERIANKORVIKE, ENERGIAPATUKKA, VITAMINOITU, KESKIARVO;FI
35012;ATERIANKORVIKE, PROTEIINIPATUKKA, KESKIARVO, N. 40 % PROTEIINIA;FI
35013;ATERIANKORVIKE, HERAPROTEIINIJAUHE, N. 40 % PROTEIINIA;FI
35091;TEE, INKIVÄÄRIJUOMA, INKIVÄÄRITEE, KOTITEKOINEN;FI
35102;AROMIRUISMALLAS, VAALEA MALLAS;FI
35131;KIVENNÄISVESI, NOVELLE PLUS, MULTI B + C, FRUKTOOSIA, HARTWALL;FI
35134;KIVENNÄISVESI, NOVELLE PLUS, C- JA E-VITAMIINIA, SOKERIA, HARTWALL;FI
35136;KIVENNÄISVESI, NOVELLE PLUS, KROMI JA SINKKI, SOKERIA, HARTWALL;FI
35142;JÄÄTELÖ, ELOVENA VÄLIPALAJÄÄTELÖ;FI
35146;NELJÄN VILJAN HIUTALE, GLUTEENITON;FI
35171;RAHKA, MAUSTAMATON, KERMARAHKA, RASVAA 4,3 %;FI
35177;PIIMÄ, GEFILUS MUSTIKKA/MANGOPIIMÄ, VL, D-VIT 1 UG;FI
35188;HÄRKISPIHVI, KYPSÄ HÄRKÄPAPUPIHVI, VERSO FOOD;FI
35190;KAURAVALMISTE, HAPATETTU, MAUSTAMATON, YOSA GREEK STYLE, PROBIOOTTEJA;FI
35193;KAURAVALMISTE, HAPATETTU, MAUSTETTU, YOSA SPORT, KESKIARVO, PROBIOOTTEJA;FI
35195;CASHEWPÄHKINÄJUOMA, MAKEUTTAMATON, GOGREEN;FI
35196;MEHU, MEHUJUOMA, VALIO HÖRPPY;FI
35198;VIRKISTYSJUOMA, VITAMINOITU, KEINOTEKOISESTI MAKEUTETTU, CELSIUS;FI
35199;KASVISLEVITE, RASVAA 20 %, OATLY PÅMACKAN;FI
35200;ATERIANKORVIKE, PROTEIINIVÄLIPALA, KAURA PRO;FI
35203;RASVASEOSLEVITE 70 %, KEIJU JUHLA;FI
35212;SOKERI, STEVIASOKERI;FI
35220;HAMPUNSIEMEN, KUORITTU;FI
35221;UNIKONSIEMEN, KOKONAINEN;FI
35277;MAKEUTUSAINE, SYKLAMAATTI, MAKONEN;FI
35280;MAKEUTUSAINE, RAINBOW, ASPARTAAMI JA ASESULFAAMI-K, PURISTE;FI
35302;MAKEUTUSAINE, CANDEREL, ASPARTAAMI JA ASESULFAAMI-K, JAUHE;FI
35315;RIISI-KVINOA-MONIVILJASEOS;FI
35475;KAHVI, ESPRESSOKAHVIJUOMA;FI
35481;KARPPISOKERI, ERYTRITOLI;FI
35492;ATERIANKORVIKE, KEITTOJAUHE, CAMBRIDGE;FI
35495;ATERIANKORVIKE, SPAGHETTI BOLOGNESE, JAUHE, CAMBRIDGE;FI
35497;ATERIANKORVIKE, PROTEIINIPATUKKA, CRANBERRY CRUNCH, CAMBRIDGE;FI
35503;PORONLIHA, KUIVATTU;FI
35505;NAUDANPAISTI, KUIVATTU;FI
35506;LIHA, KUIVATTU, KESKIARVO;FI
35513;PELLAVANSIEMENROUHE, PAAHDETTU, VALO24;FI
35555;RUOKASUOLA, KESKIARVO, JODIOITU 50% JA JODIOIMATON 50%;FI
35565;PAISTOÖLJY UPPO- JA PINTAPAISTOON, KULTASULA PAISTOÖLJY;FI
35566;KAKKU- JA TAIKINAMARGARIINI RAISA 5;FI
35580;KARPALO, KUIVATTU, KARPALOJAUHE;FI
35581;KANGASTATTI;FI
35582;LAMPAANKÄÄPÄ;FI
35583;PUNIKKITATTI;FI
35584;KUUSENKERKKÄ;FI
35585;MAITOHORSMA, VERSO;FI
35586;VOIKUKKA, LEHTI, VOIKUKAN LEHTI;FI
35587;VOIKUKKA, NUPPU, VOIKUKAN NUPPU;FI
35588;VUOHENPUTKI, LEHTI;FI
35589;MUSTAHERUKKA, LEHTI, MUSTAHERUKAN LEHTI;FI
35591;JUOLUKKA;FI
35592;MARJA-ARONIA;FI
35593;MARJA-ARONIA, KUIVATTU, MARJA-ARONIAJAUHE;FI
35594;MUSTAHERUKANLEHTIUUTE, ALKOHOLITON KASVIGLYSERIINIUUTE, GROSELLERO;FI
35595;MUSTAHERUKKA, KUIVATTU, MUSTAHERUKKAJAUHE;FI
35596;MUSTIKKA, PENSASMUSTIKKA;FI
35597;PIHLAJANMARJA, KUIVATTU, PIHLAJANMARJAJAUHE;FI
35598;TÄYSMEHU, PIHLAJANMARJATÄYSMEHU;FI
35599;PUOLUKKA, KUIVATTU, PUOLUKKAJAUHE;FI
35600;TYRNIMARJA, KUIVATTU, TYRNIMARJAJAUHE;FI
35601;TÄYSMEHU, TYRNITÄYSMEHU;FI
35602;VARIKSENMARJA;FI
35603;RASVASEOS 80 %, OIVARIINI JUOKSEVA, LAKTOOSITON;FI
35605;VOIKUKKA, NUPPU JA LEHTI, KESKIARVO;FI
35606;VÄINÖNPUTKI;FI
35607;SIANKÄRSÄMÖ;FI
35608;MUSTATORVISIENI, KUIVATTU;FI
35611;MÄNNYNHERKKUTATTI, PAKASTE;FI
35615;KATAJANMARJA;FI
35616;NOKKONEN, LEHTI, KUIVATTU;FI
35619;TOFU, KOVA/KIINTEÄ, SOIJAVALMISTE;FI
35623;PAPU, HÄRKÄPAPU, KUIVATTU, KEITETTY ILMAN SUOLAA;FI
35628;ELOVENA MURU KAURAJAUHIS;FI
35632;KAURAVALMISTE, HAPATETTU,ODDLYGOOD KAURAPOHJAINEN GURTTI, MAUSTETTU, VITAMINOITU;FI
35633;KAURAVALMISTE, HAPATETTU, ODDLYGOOD KAURAPOHJAINEN GURTTI, MAUSTAMATON, VITAMIN.;FI
35634;KAURAVALMISTE, HAPATETTU, OATLY HAVREGURT, MAUSTAMATON, VITAMINOITU;FI
35635;PAPU, MUSTA, MUSTAPAPU, KUIVATTU;FI
35636;KAURAVALMISTE, HAPATETTU, OATLY HAVREGURT, MAUSTETTU, VITAMINOITU;FI
35638;PAPU, MUSTA, MUSTAPAPU, SUOLALIEMESSÄ, SÄILYKE;FI
